,Premise 1,Premise 2,Premise 3,Conclusion,Dataset,Human,Overlap (Bhatia),GPT-3.5,GPT-4,SCM (Han)
0,duck,,,robin,Rips,18.0,0.352702012,0.999996944,80.0,
1,duck,,,eagle,Rips,35.0,0.306829329,0.999987586,60.0,
2,duck,,,sparrow,Rips,18.0,0.364321564,0.999992795,60.0,
3,robin,,,sparrow,Rips,79.0,0.670746647,0.999996123,85.0,
4,robin,,,eagle,Rips,41.0,0.417997292,0.616249738,80.0,
5,robin,,,duck,Rips,30.0,0.352702012,0.594920353,80.0,
6,eagle,,,sparrow,Rips,29.0,0.44030443,0.999993853,75.0,
7,eagle,,,robin,Rips,26.0,0.417997292,0.999998442,80.0,
8,eagle,,,duck,Rips,16.0,0.306829329,0.575366684,60.0,
9,sparrow,,,robin,Rips,66.0,0.670746647,0.999993274,85.0,
10,sparrow,,,eagle,Rips,43.0,0.44030443,0.99998497,60.0,
11,sparrow,,,duck,Rips,27.0,0.364321564,0.999984394,60.0,
12,horse,,,deer,Rips,29.0,0.542395232,0.629352918,75.0,
13,horse,,,lion,Rips,38.0,0.439566345,0.596405039,40.0,
14,horse,,,pig,Rips,47.0,0.420389087,0.636548248,45.0,
15,horse,,,dog,Rips,44.0,0.504866819,0.649178256,60.0,
16,horse,,,mouse,Rips,29.0,0.424383227,0.589871969,50.0,
17,dog,,,mouse,Rips,31.0,0.581187521,0.999970259,60.0,
18,dog,,,lion,Rips,31.0,0.440486157,0.999981453,70.0,
19,dog,,,deer,Rips,26.0,0.419742026,0.99998907,40.0,
20,dog,,,horse,Rips,39.0,0.504866819,0.99999458,50.0,
21,dog,,,pig,Rips,39.0,0.424979018,0.999986195,60.0,
22,pig,,,horse,Rips,22.0,0.420389087,0.999991226,60.0,
23,pig,,,deer,Rips,15.0,0.387457819,0.999990687,60.0,
24,pig,,,lion,Rips,40.0,0.30498322,0.999984636,40.0,
25,pig,,,mouse,Rips,40.0,0.520252966,0.9999809,40.0,
26,pig,,,dog,Rips,36.0,0.424979018,0.999989332,60.0,
27,deer,,,lion,Rips,48.0,0.509478958,0.999983182,40.0,
28,deer,,,mouse,Rips,27.0,0.473690685,0.615008833,40.0,
29,deer,,,dog,Rips,28.0,0.419742026,0.584349823,40.0,
30,deer,,,pig,Rips,21.0,0.387457819,0.999989939,45.0,
31,deer,,,horse,Rips,44.0,0.542395232,0.633477251,65.0,
32,lion,,,horse,Rips,36.0,0.439566345,0.567434516,50.0,
33,lion,,,deer,Rips,41.0,0.509478958,0.528222131,40.0,
34,lion,,,mouse,Rips,25.0,0.4134816,0.533527725,40.0,
35,lion,,,dog,Rips,42.0,0.440486157,0.559169495,70.0,
36,lion,,,pig,Rips,36.0,0.30498322,0.535869436,40.0,
37,mouse,,,horse,Rips,13.0,0.424383227,0.999991636,40.0,
38,mouse,,,deer,Rips,11.0,0.473690685,0.999987992,40.0,
39,mouse,,,lion,Rips,22.0,0.4134816,0.999978928,40.0,
40,mouse,,,pig,Rips,29.0,0.520252966,0.999982272,40.0,
41,mouse,,,dog,Rips,36.0,0.581187521,0.999990015,60.0,
42,cow,mouse,,horse,Osherson - Exp 4,0.74,0.543347541,0.938771278,80.0,
43,cow,squirrel,,horse,Osherson - Exp 4,0.72,0.547720177,0.921408935,60.0,
44,cow,dolphin,,horse,Osherson - Exp 4,0.73,0.537993705,0.940761158,80.0,
45,cow,elephant,,horse,Osherson - Exp 4,0.75,0.631924712,0.968225452,80.0,
46,mouse,squirrel,,horse,Osherson - Exp 4,0.17,0.450279656,0.906561474,40.0,
47,mouse,dolphin,,horse,Osherson - Exp 4,0.28,0.45749669,0.87481405,60.0,
48,mouse,elephant,,horse,Osherson - Exp 4,0.58,0.593546149,0.953374596,80.0,
49,squirrel,dolphin,,horse,Osherson - Exp 4,0.32,0.449544463,0.927293044,55.0,
50,squirrel,elephant,,horse,Osherson - Exp 4,0.54,0.586437237,0.941624864,80.0,
51,dolphin,elephant,,horse,Osherson - Exp 4,0.54,0.537050359,0.956507694,60.0,
52,penguin,,,dove,Bhatia - Exp 1,53.81818182,0.506119998,0.999985308,65.0,
53,ostrich,,,canary,Bhatia - Exp 1,40.11111111,0.400362496,0.999995214,65.0,
54,peacock,,,parakeet,Bhatia - Exp 1,55.125,0.541367917,0.605833398,65.0,
55,falcon,,,pelican,Bhatia - Exp 1,60.08333333,0.438639909,0.570730117,85.0,
56,pelican,,,seagull,Bhatia - Exp 1,71.125,0.513736339,0.594410101,70.0,
57,canary,,,sparrow,Bhatia - Exp 1,66.54545455,0.651617057,0.625556437,85.0,
58,seagull,,,duck,Bhatia - Exp 1,76.41666667,0.445476829,0.999989915,70.0,
59,canary,,,woodpecker,Bhatia - Exp 1,45.44444444,0.51869397,0.640261728,70.0,
60,swan,,,duck,Bhatia - Exp 1,75.16666667,0.546886717,0.99998645,85.0,
61,pelican,,,peacock,Bhatia - Exp 1,57.07142857,0.396656923,0.6147304,65.0,
62,robin,,,seagull,Bhatia - Exp 1,45.0,0.513994882,0.999994038,85.0,
63,seagull,,,sparrow,Bhatia - Exp 1,52.58333333,0.547749712,0.999991981,85.0,
64,chicken,,,falcon,Bhatia - Exp 1,47.1,0.441510944,0.576140739,70.0,
65,parakeet,,,seagull,Bhatia - Exp 1,51.18181818,0.511043831,0.99999391,70.0,
66,duck,,,dove,Bhatia - Exp 1,78.0,0.340071872,0.793048498,70.0,
67,parakeet,,,ostrich,Bhatia - Exp 1,33.41666667,0.484096899,0.99999373,65.0,
68,turkey,,,woodpecker,Bhatia - Exp 1,48.09090909,0.344821181,0.591782682,65.0,
69,chicken,,,parakeet,Bhatia - Exp 1,45.1,0.406972674,0.68485906,70.0,
70,turkey,,,robin,Bhatia - Exp 1,43.875,0.392049677,0.561178923,70.0,
71,penguin,,,parakeet,Bhatia - Exp 1,45.88235294,0.482403786,0.567760401,65.0,
72,parakeet,,,woodpecker,Bhatia - Exp 1,48.9,0.516068182,0.607347608,70.0,
73,ostrich,,,turkey,Bhatia - Exp 1,47.77777778,0.486896143,0.99999644,65.0,
74,dove,,,sparrow,Bhatia - Exp 1,63.41666667,0.664231577,0.999991788,85.0,
75,falcon,,,dove,Bhatia - Exp 1,61.66666667,0.509678997,0.598021805,85.0,
76,dove,,,swan,Bhatia - Exp 1,58.2,0.554459188,0.702876307,85.0,
77,owl,,,eagle,Bhatia - Exp 1,65.72727273,0.546467731,0.999994906,85.0,
78,swan,,,turkey,Bhatia - Exp 1,61.0,0.415180443,0.99997892,65.0,
79,falcon,,,eagle,Bhatia - Exp 1,85.66666667,0.724674029,0.671987312,90.0,
80,chicken,,,eagle,Bhatia - Exp 1,64.23076923,0.369050258,0.669663497,70.0,
81,robin,,,falcon,Bhatia - Exp 1,66.85714286,0.501937046,0.567327734,85.0,
82,eagle,,,canary,Bhatia - Exp 1,55.07692308,0.381075313,0.99999477,70.0,
83,owl,,,penguin,Bhatia - Exp 1,42.07692308,0.51576328,0.535053426,70.0,
84,swan,,,robin,Bhatia - Exp 1,66.41666667,0.503375462,0.999995882,70.0,
85,penguin,,,turkey,Bhatia - Exp 1,42.5,0.42079677,0.999987569,60.0,
86,swan,,,owl,Bhatia - Exp 1,46.375,0.549027428,0.999972542,70.0,
87,falcon,,,penguin,Bhatia - Exp 1,46.0,0.511978254,0.999994237,60.0,
88,ostrich,,,dove,Bhatia - Exp 1,49.22222222,0.402202386,0.655450067,70.0,
89,duck,,,parakeet,Bhatia - Exp 1,50.0,0.326669121,0.99999684,65.0,
90,pelican,,,ostrich,Bhatia - Exp 1,67.8,0.474441491,0.999987379,60.0,
91,eagle,,,seagull,Bhatia - Exp 1,71.6,0.421842245,0.999995218,70.0,
92,chicken,,,canary,Bhatia - Exp 1,49.57142857,0.471515669,0.71306431,70.0,
93,robin,,,sparrow,Bhatia - Exp 1,57.25,0.670746647,0.999996219,85.0,
94,chicken,,,dove,Bhatia - Exp 1,56.55555556,0.443761335,0.710516445,85.0,
95,peacock,,,swan,Bhatia - Exp 1,51.42857143,0.54251581,0.695940794,65.0,
96,swan,,,seagull,Bhatia - Exp 1,63.88888889,0.587371161,0.999980935,70.0,
97,chicken,,,duck,Bhatia - Exp 1,74.27272727,0.528340331,0.999995994,85.0,
98,seagull,,,chicken,Bhatia - Exp 1,58.75,0.476520776,0.99999398,70.0,
99,bra,,,scarf,Bhatia - Exp 1,37.54545455,0.540868907,0.674094907,30.0,
100,bra,,,suit,Bhatia - Exp 1,25.83333333,0.486876,0.99997994,40.0,
101,coat,,,belt,Bhatia - Exp 1,36.33333333,0.436884445,0.999995103,45.0,
102,scarf,,,coat,Bhatia - Exp 1,52.66666667,0.547662482,9.3e-05,70.0,
103,scarf,,,suit,Bhatia - Exp 1,36.09090909,0.502337606,0.631094616,40.0,
104,sweater,,,scarf,Bhatia - Exp 1,56.75,0.659212175,5.51e-05,85.0,
105,skirt,,,suit,Bhatia - Exp 1,43.6,0.529732444,0.999998472,50.0,
106,scarf,,,skirt,Bhatia - Exp 1,53.875,0.579654032,0.999993677,45.0,
107,bra,,,belt,Bhatia - Exp 1,33.75,0.60944213,0.999970511,45.0,
108,dress,,,skirt,Bhatia - Exp 1,78.25,0.700367866,0.796682948,85.0,
109,boots,,,belt,Bhatia - Exp 1,45.7,0.445054471,0.999994616,40.0,
110,coat,,,dress,Bhatia - Exp 1,30.66666667,0.573280923,0.999997452,70.0,
111,sweater,,,blouse,Bhatia - Exp 1,62.41666667,0.759203552,0.999996335,70.0,
112,skirt,,,blouse,Bhatia - Exp 1,44.6,0.730866895,0.99997609,65.0,
113,belt,,,sweater,Bhatia - Exp 1,34.75,0.478100871,0.616205829,30.0,
114,blouse,,,belt,Bhatia - Exp 1,43.5,0.509990874,0.701542479,40.0,
115,scarf,,,mittens,Bhatia - Exp 1,52.8,0.598352858,0.658781347,70.0,
116,dress,,,belt,Bhatia - Exp 1,23.85714286,0.442093042,0.999993384,45.0,
117,boots,,,skirt,Bhatia - Exp 1,45.58333333,0.574572462,0.603588588,25.0,
118,blouse,,,boots,Bhatia - Exp 1,32.125,0.493846857,0.612423296,40.0,
119,boots,,,scarf,Bhatia - Exp 1,38.0,0.471632838,0.99999273,40.0,
120,boots,,,suit,Bhatia - Exp 1,28.18181818,0.520495163,0.554164185,30.0,
121,dress,,,scarf,Bhatia - Exp 1,43.07142857,0.573397821,0.999993154,65.0,
122,dress,,,suit,Bhatia - Exp 1,67.36363636,0.624720357,0.999997885,70.0,
123,dress,,,bra,Bhatia - Exp 1,52.0,0.518129851,0.706698928,65.0,
124,bra,,,boots,Bhatia - Exp 1,20.1,0.500339147,0.999996278,30.0,
125,coat,,,mittens,Bhatia - Exp 1,53.66666667,0.48812037,0.709971411,85.0,
126,suit,,,coat,Bhatia - Exp 1,55.57142857,0.671495286,0.999993862,85.0,
127,skirt,,,coat,Bhatia - Exp 1,36.88888889,0.534900668,0.999987109,40.0,
128,belt,,,scarf,Bhatia - Exp 1,34.88888889,0.513981935,0.999988873,45.0,
129,sweater,,,coat,Bhatia - Exp 1,75.1,0.637609885,0.686428938,85.0,
130,boots,,,sweater,Bhatia - Exp 1,43.4,0.532335087,0.584430549,30.0,
131,mittens,,,sweater,Bhatia - Exp 1,51.09090909,0.536578983,0.625510441,70.0,
132,coat,,,boots,Bhatia - Exp 1,38.84615385,0.580532306,0.999996205,70.0,
133,stove,,,piano,Bhatia - Exp 1,24.85714286,0.144837738,0.999997523,30.0,
134,motorcycle,,,carriage,Bhatia - Exp 1,34.35714286,0.361278317,0.000112303,60.0,
135,rocket,,,van,Bhatia - Exp 1,24.0,0.275489915,0.593169935,30.0,
136,tractor,,,cart,Bhatia - Exp 1,48.0,0.613237365,0.999986002,60.0,
137,submarine,,,car,Bhatia - Exp 1,41.84615385,0.339851926,0.587936637,45.0,
138,jeep,,,bicycle,Bhatia - Exp 1,45.875,0.59168771,0.999993614,30.0,
139,submarine,,,rocket,Bhatia - Exp 1,48.38461538,0.488720583,0.664131822,60.0,
140,boat,,,jeep,Bhatia - Exp 1,36.0,0.314183583,0.543579928,60.0,
141,motorcycle,,,rocket,Bhatia - Exp 1,14.83333333,0.293821179,0.649427916,30.0,
142,bus,,,tractor,Bhatia - Exp 1,49.54545455,0.498583764,0.9999662,65.0,
143,jeep,,,carriage,Bhatia - Exp 1,42.18181818,0.476773052,0.999995313,45.0,
144,car,,,bicycle,Bhatia - Exp 1,53.3,0.601272619,0.000236759,65.0,
145,submarine,,,skateboard,Bhatia - Exp 1,4.2,0.170164134,0.577581407,10.0,
146,motorcycle,,,bus,Bhatia - Exp 1,49.0,0.513468003,7.97e-05,60.0,
147,skateboard,,,van,Bhatia - Exp 1,35.5,0.256177905,0.578549633,40.0,
148,train,,,submarine,Bhatia - Exp 1,52.09090909,0.330259172,0.645382312,30.0,
149,boat,,,bus,Bhatia - Exp 1,33.85714286,0.336171679,0.612681782,60.0,
150,boat,,,car,Bhatia - Exp 1,32.66666667,0.320877636,0.576238087,60.0,
151,boat,,,bicycle,Bhatia - Exp 1,41.75,0.268336473,0.548207841,25.0,
152,carriage,,,train,Bhatia - Exp 1,55.83333333,0.392930177,0.710540982,70.0,
153,bicycle,,,submarine,Bhatia - Exp 1,37.0,0.215792318,0.573591502,5.0,
154,carriage,,,van,Bhatia - Exp 1,46.0,0.496883062,0.999967367,65.0,
155,skateboard,,,rocket,Bhatia - Exp 1,16.625,0.260972707,0.637082171,20.0,
156,car,,,jeep,Bhatia - Exp 1,76.0,0.608621853,0.999987548,95.0,
157,car,,,rocket,Bhatia - Exp 1,34.5,0.309962103,2.83e-05,60.0,
158,van,,,train,Bhatia - Exp 1,61.4,0.550542785,0.000156038,60.0,
159,skateboard,,,jeep,Bhatia - Exp 1,50.90909091,0.386887472,0.586662217,30.0,
160,bus,,,van,Bhatia - Exp 1,74.07142857,0.635477452,0.000575179,85.0,
161,rocket,,,bus,Bhatia - Exp 1,27.07142857,0.27903629,0.622954356,30.0,
162,car,,,bus,Bhatia - Exp 1,78.375,0.595119271,0.000190473,85.0,
163,van,,,car,Bhatia - Exp 1,71.5,0.656784124,0.999976557,90.0,
164,submarine,,,boat,Bhatia - Exp 1,63.55555556,0.507131677,0.705797975,70.0,
165,skateboard,,,train,Bhatia - Exp 1,41.22222222,0.275933165,0.63734539,25.0,
166,rocket,,,truck,Bhatia - Exp 1,38.41666667,0.292002665,0.605610051,30.0,
167,jeep,,,truck,Bhatia - Exp 1,82.9,0.662294312,0.99997853,85.0,
168,skateboard,,,car,Bhatia - Exp 1,31.375,0.321226584,0.619791661,45.0,
169,boat,,,rocket,Bhatia - Exp 1,33.0,0.211757879,0.656739084,30.0,
170,truck,,,train,Bhatia - Exp 1,65.77777778,0.555978777,0.628681224,65.0,
171,train,,,cart,Bhatia - Exp 1,53.25,0.370186409,0.000409387,65.0,
172,rocket,,,carriage,Bhatia - Exp 1,20.0,0.210163556,0.999993153,20.0,
173,cart,,,motorcycle,Bhatia - Exp 1,45.41666667,0.362557762,0.000339174,45.0,
174,submarine,,,cart,Bhatia - Exp 1,8.0,0.207769094,0.569319482,25.0,
175,rocket,,,bicycle,Bhatia - Exp 1,29.5,0.256264677,0.570760404,25.0,
176,boat,,,cart,Bhatia - Exp 1,32.0,0.246585714,0.562846406,60.0,
177,jeep,,,tractor,Bhatia - Exp 1,66.375,0.615821127,0.99998585,65.0,
178,carriage,,,truck,Bhatia - Exp 1,41.0,0.413134006,0.999992012,65.0,
179,submarine,,,van,Bhatia - Exp 1,23.25,0.336896263,0.570662132,30.0,
180,boat,,,carriage,Bhatia - Exp 1,35.5,0.277714343,0.999988733,45.0,
181,bicycle,,,van,Bhatia - Exp 1,40.44444444,0.503926402,0.999985527,60.0,
182,tractor,,,boat,Bhatia - Exp 1,48.5,0.256744504,0.586364299,30.0,
183,motorcycle,,,bicycle,Bhatia - Exp 1,64.58823529,0.673440396,0.000553702,70.0,
184,penguin,parakeet,,dove,Bhatia - Exp 3,65.9,0.601163862,0.663521968,85.0,
185,ostrich,turkey,,canary,Bhatia - Exp 3,56.55555556,0.443298094,0.66583393,70.0,
186,peacock,swan,,parakeet,Bhatia - Exp 3,65.9,0.588577595,0.738209482,70.0,
187,falcon,dove,,pelican,Bhatia - Exp 3,65.38461538,0.460666456,0.655074464,85.0,
188,pelican,peacock,,seagull,Bhatia - Exp 3,79.23076923,0.559253767,0.65657674,85.0,
189,canary,woodpecker,,sparrow,Bhatia - Exp 3,74.88888889,0.705083325,0.655405327,85.0,
190,seagull,sparrow,,duck,Bhatia - Exp 3,77.66666667,0.462189229,0.999996671,85.0,
191,canary,sparrow,,woodpecker,Bhatia - Exp 3,61.36363636,0.601068846,0.750713303,85.0,
192,swan,turkey,,duck,Bhatia - Exp 3,84.71428571,0.655734546,0.999993979,85.0,
193,pelican,seagull,,peacock,Bhatia - Exp 3,58.875,0.476321608,0.6771857,70.0,
194,robin,falcon,,seagull,Bhatia - Exp 3,81.375,0.564080488,0.669946313,85.0,
195,seagull,duck,,sparrow,Bhatia - Exp 3,80.66666667,0.526234399,0.657441874,85.0,
196,chicken,parakeet,,falcon,Bhatia - Exp 3,53.42857143,0.5490878,0.75483159,85.0,
197,parakeet,ostrich,,seagull,Bhatia - Exp 3,55.36363636,0.542280454,0.715737038,85.0,
198,duck,parakeet,,dove,Bhatia - Exp 3,67.0,0.515001278,0.5,85.0,
199,parakeet,seagull,,ostrich,Bhatia - Exp 3,65.5,0.52220432,0.760418393,70.0,
200,turkey,robin,,woodpecker,Bhatia - Exp 3,69.3,0.485991005,0.711640902,85.0,
201,chicken,falcon,,parakeet,Bhatia - Exp 3,51.7,0.518581549,0.801112572,90.0,
202,turkey,woodpecker,,robin,Bhatia - Exp 3,71.0,0.533458246,0.765642101,85.0,
203,penguin,dove,,parakeet,Bhatia - Exp 3,79.66666667,0.58214316,0.65132231,90.0,
204,parakeet,seagull,,woodpecker,Bhatia - Exp 3,64.69230769,0.616514385,0.821226469,85.0,
205,ostrich,canary,,turkey,Bhatia - Exp 3,59.33333333,0.50730662,0.999996544,85.0,
206,falcon,pelican,,dove,Bhatia - Exp 3,74.8,0.514191509,0.697117288,85.0,
207,owl,penguin,,eagle,Bhatia - Exp 3,66.72727273,0.552881215,0.820849935,85.0,
208,swan,duck,,turkey,Bhatia - Exp 3,74.28571429,0.553916718,0.999991278,65.0,
209,falcon,pelican,,eagle,Bhatia - Exp 3,79.14285714,0.658519732,8.52e-05,90.0,
210,chicken,falcon,,eagle,Bhatia - Exp 3,73.22222222,0.620102413,0.750062828,90.0,
211,robin,seagull,,falcon,Bhatia - Exp 3,56.88888889,0.551635765,0.735768944,90.0,
212,eagle,seagull,,canary,Bhatia - Exp 3,79.55555556,0.549384766,0.716953685,90.0,
213,owl,eagle,,penguin,Bhatia - Exp 3,50.72727273,0.538459495,0.571405709,70.0,
214,swan,duck,,robin,Bhatia - Exp 3,52.88888889,0.485705848,0.752608226,70.0,
215,penguin,dove,,turkey,Bhatia - Exp 3,70.71428571,0.466271212,0.999994823,85.0,
216,swan,duck,,owl,Bhatia - Exp 3,66.92307692,0.515397165,0.999991229,70.0,
217,falcon,pelican,,penguin,Bhatia - Exp 3,67.61538462,0.637503949,0.546820247,70.0,
218,ostrich,canary,,dove,Bhatia - Exp 3,85.6,0.594699001,0.5,85.0,
219,duck,dove,,parakeet,Bhatia - Exp 3,62.125,0.506298202,0.759558733,90.0,
220,pelican,seagull,,ostrich,Bhatia - Exp 3,63.0,0.516260131,0.64876294,60.0,
221,eagle,canary,,seagull,Bhatia - Exp 3,73.0,0.579930159,0.740379126,85.0,
222,chicken,falcon,,canary,Bhatia - Exp 3,66.0,0.545686026,0.797573623,90.0,
223,robin,seagull,,sparrow,Bhatia - Exp 3,56.0,0.693222487,0.9999983,85.0,
224,chicken,falcon,,dove,Bhatia - Exp 3,70.7,0.556071579,0.725351626,85.0,
225,peacock,parakeet,,swan,Bhatia - Exp 3,71.83333333,0.593254233,0.717769882,85.0,
226,swan,duck,,seagull,Bhatia - Exp 3,69.23076923,0.586261612,0.999996866,85.0,
227,chicken,falcon,,duck,Bhatia - Exp 3,72.83333333,0.509610357,0.694793122,85.0,
228,seagull,duck,,chicken,Bhatia - Exp 3,71.33333333,0.592792209,0.999990615,70.0,
229,bra,suit,,scarf,Bhatia - Exp 3,61.5,0.60581155,0.999987172,60.0,
230,bra,scarf,,suit,Bhatia - Exp 3,67.85714286,0.563210712,0.999989793,60.0,
231,scarf,suit,,coat,Bhatia - Exp 3,66.0,0.701506501,0.99999242,85.0,
232,scarf,coat,,suit,Bhatia - Exp 3,64.16666667,0.664768975,0.999994549,65.0,
233,skirt,blouse,,suit,Bhatia - Exp 3,57.09090909,0.598156458,0.999988898,70.0,
234,scarf,coat,,skirt,Bhatia - Exp 3,71.44444444,0.634072616,0.99999642,60.0,
235,bra,scarf,,belt,Bhatia - Exp 3,50.25,0.641304204,0.99999137,65.0,
236,dress,belt,,skirt,Bhatia - Exp 3,57.54545455,0.719186572,0.999994994,85.0,
237,boots,skirt,,belt,Bhatia - Exp 3,53.44444444,0.545625012,0.999995733,65.0,
238,coat,belt,,dress,Bhatia - Exp 3,53.625,0.602026553,0.643867063,70.0,
239,skirt,suit,,blouse,Bhatia - Exp 3,60.4375,0.748448612,0.999989772,85.0,
240,belt,scarf,,sweater,Bhatia - Exp 3,59.9,0.660075223,0.999997708,65.0,
241,blouse,boots,,belt,Bhatia - Exp 3,53.45454545,0.545668857,0.99999542,70.0,
242,scarf,coat,,mittens,Bhatia - Exp 3,61.27272727,0.619029208,0.655215352,85.0,
243,dress,skirt,,belt,Bhatia - Exp 3,40.33333333,0.528515106,0.9999955,45.0,
244,boots,belt,,skirt,Bhatia - Exp 3,57.5,0.650697432,0.627841638,60.0,
245,blouse,belt,,boots,Bhatia - Exp 3,61.0,0.537334826,0.591961786,70.0,
246,boots,belt,,scarf,Bhatia - Exp 3,60.625,0.578092896,0.68459662,65.0,
247,boots,belt,,suit,Bhatia - Exp 3,54.66666667,0.55025344,0.99999749,65.0,
248,dress,skirt,,scarf,Bhatia - Exp 3,60.15384615,0.625314682,0.999995056,60.0,
249,dress,skirt,,suit,Bhatia - Exp 3,74.85714286,0.624324841,0.999995804,60.0,
250,dress,skirt,,bra,Bhatia - Exp 3,59.36363636,0.586444015,0.681666943,60.0,
251,bra,scarf,,boots,Bhatia - Exp 3,35.28571429,0.554046893,0.673614973,60.0,
252,coat,belt,,mittens,Bhatia - Exp 3,54.27272727,0.541744481,0.630852154,70.0,
253,suit,dress,,coat,Bhatia - Exp 3,73.09090909,0.694815894,0.999998072,85.0,
254,skirt,suit,,coat,Bhatia - Exp 3,64.0,0.693942391,0.999993359,85.0,
255,belt,sweater,,scarf,Bhatia - Exp 3,53.0,0.679228125,0.999995791,85.0,
256,boots,belt,,sweater,Bhatia - Exp 3,66.88888889,0.595752536,0.595154316,40.0,
257,coat,belt,,boots,Bhatia - Exp 3,69.77777778,0.608155963,0.685656126,70.0,
258,motorcycle,rocket,,carriage,Bhatia - Exp 3,39.66666667,0.348649632,0.659610599,45.0,
259,rocket,bus,,van,Bhatia - Exp 3,48.61538462,0.547207466,6.64e-05,85.0,
260,tractor,boat,,cart,Bhatia - Exp 3,51.5,0.554707066,0.999989263,65.0,
261,submarine,rocket,,car,Bhatia - Exp 3,41.42857143,0.37681684,0.667548826,65.0,
262,jeep,carriage,,bicycle,Bhatia - Exp 3,59.92857143,0.595976069,0.99998658,60.0,
263,submarine,car,,rocket,Bhatia - Exp 3,45.46153846,0.486064439,0.8349145,85.0,
264,boat,bus,,jeep,Bhatia - Exp 3,68.53846154,0.525277738,0.999994818,70.0,
265,motorcycle,carriage,,rocket,Bhatia - Exp 3,39.77777778,0.298746665,0.749053455,30.0,
266,bus,van,,tractor,Bhatia - Exp 3,75.5,0.618289524,0.999993333,65.0,
267,jeep,bicycle,,carriage,Bhatia - Exp 3,53.5,0.515046823,0.999997789,70.0,
268,car,jeep,,bicycle,Bhatia - Exp 3,69.14285714,0.665147918,0.999985133,60.0,
269,submarine,car,,skateboard,Bhatia - Exp 3,39.55555556,0.301684613,0.719267859,45.0,
270,motorcycle,carriage,,bus,Bhatia - Exp 3,69.27272727,0.582959774,0.817880951,85.0,
271,skateboard,rocket,,van,Bhatia - Exp 3,47.11111111,0.334355243,0.577082292,65.0,
272,train,cart,,submarine,Bhatia - Exp 3,54.84615385,0.329300897,0.652370751,30.0,
273,boat,jeep,,bus,Bhatia - Exp 3,69.0,0.55141262,0.999992241,85.0,
274,boat,jeep,,car,Bhatia - Exp 3,65.7,0.585236977,0.999990506,85.0,
275,boat,jeep,,bicycle,Bhatia - Exp 3,54.25,0.544007919,0.614312133,60.0,
276,carriage,van,,train,Bhatia - Exp 3,70.57142857,0.536793428,0.999989828,65.0,
277,bicycle,van,,submarine,Bhatia - Exp 3,47.72727273,0.313906413,0.581060372,30.0,
278,carriage,train,,van,Bhatia - Exp 3,61.85714286,0.623321087,0.999976761,60.0,
279,skateboard,van,,rocket,Bhatia - Exp 3,31.0,0.337408413,0.613272343,60.0,
280,car,bicycle,,jeep,Bhatia - Exp 3,74.5,0.670749624,0.999999107,95.0,
281,car,bicycle,,rocket,Bhatia - Exp 3,48.14285714,0.316478484,0.770542573,60.0,
282,van,car,,train,Bhatia - Exp 3,63.63636364,0.620918898,0.999990768,60.0,
283,skateboard,van,,jeep,Bhatia - Exp 3,66.07142857,0.650221477,0.999995542,85.0,
284,bus,tractor,,van,Bhatia - Exp 3,63.44444444,0.720442541,0.000107444,85.0,
285,rocket,van,,bus,Bhatia - Exp 3,71.44444444,0.564024642,0.67222231,85.0,
286,car,bicycle,,bus,Bhatia - Exp 3,76.0,0.616127488,1.19e-05,85.0,
287,van,train,,car,Bhatia - Exp 3,84.875,0.701762529,0.999993315,85.0,
288,submarine,car,,boat,Bhatia - Exp 3,76.0,0.503902719,0.999999214,85.0,
289,skateboard,van,,train,Bhatia - Exp 3,51.77777778,0.509282612,0.999987355,65.0,
290,rocket,van,,truck,Bhatia - Exp 3,52.0,0.661043814,0.578846601,85.0,
291,jeep,bicycle,,truck,Bhatia - Exp 3,67.23076923,0.64367188,0.597142409,85.0,
292,skateboard,van,,car,Bhatia - Exp 3,65.27272727,0.602217407,0.999980007,85.0,
293,boat,jeep,,rocket,Bhatia - Exp 3,49.16666667,0.318596161,0.637135046,60.0,
294,truck,rocket,,train,Bhatia - Exp 3,45.77777778,0.518323714,0.738814251,70.0,
295,train,submarine,,cart,Bhatia - Exp 3,38.6,0.348111923,0.614988835,60.0,
296,rocket,van,,carriage,Bhatia - Exp 3,56.0,0.435809337,0.688970609,60.0,
297,cart,train,,motorcycle,Bhatia - Exp 3,71.16666667,0.520578373,5.87e-05,45.0,
298,submarine,car,,cart,Bhatia - Exp 3,46.16666667,0.381617736,0.519989474,65.0,
299,rocket,van,,bicycle,Bhatia - Exp 3,51.45454545,0.469982853,0.551429387,60.0,
300,boat,jeep,,cart,Bhatia - Exp 3,46.625,0.463794603,0.605920609,70.0,
301,jeep,bicycle,,tractor,Bhatia - Exp 3,68.85714286,0.621820541,0.578314173,70.0,
302,carriage,train,,truck,Bhatia - Exp 3,60.81818182,0.571477517,0.999991366,65.0,
303,submarine,car,,van,Bhatia - Exp 3,76.42857143,0.610205888,0.692042476,95.0,
304,boat,jeep,,carriage,Bhatia - Exp 3,50.7,0.473525687,0.999992511,85.0,
305,bicycle,submarine,,van,Bhatia - Exp 3,41.66666667,0.540681781,0.552078512,60.0,
306,tractor,cart,,boat,Bhatia - Exp 3,55.14285714,0.280442357,0.64825288,40.0,
307,motorcycle,carriage,,bicycle,Bhatia - Exp 3,72.77777778,0.659469403,3.61e-05,85.0,
308,airplane,,,bicycle,Han - Exp 2,22.285714285714285,,0.0,40.0,6.3069444444444445
309,airplane,,,helicopter,Han - Exp 2,77.875,,100.0,70.0,11.140277777777778
310,airplane,,,jeep,Han - Exp 2,34.25,,20.0,40.0,7.006944444444445
311,airplane,,,skateboard,Han - Exp 2,23.1875,,20.0,30.0,6.340277777777779
312,airplane,,,tractor,Han - Exp 2,48.875,,20.0,40.0,6.540277777777778
313,airplane,,,train,Han - Exp 2,38.1,,0.0,60.0,7.840277777777779
314,beaver,,,dog,Han - Exp 2,31.9375,,50.0,65.0,7.520833333333334
315,beaver,,,donkey,Han - Exp 2,29.25,,10.0,55.0,7.152412280701754
316,beaver,,,elephant,Han - Exp 2,34.705882352941174,,10.0,50.0,6.599780701754386
317,beaver,,,giraffe,Han - Exp 2,21.625,,10.0,50.0,6.705043859649123
318,beaver,,,hamster,Han - Exp 2,51.6,,50.0,70.0,8.836622807017545
319,beaver,,,horse,Han - Exp 2,39.888888888888886,,10.0,50.0,7.12609649122807
320,beaver,,,tiger,Han - Exp 2,34.705882352941174,,10.0,50.0,7.2313596491228065
321,bicycle,,,boat,Han - Exp 2,41.75,,0.0,40.0,6.4833333333333325
322,bicycle,,,bus,Han - Exp 2,38.7,,50.0,40.0,7.216666666666667
323,bicycle,,,carriage,Han - Exp 2,52.75,,50.0,65.0,8.116666666666667
324,bicycle,,,rocket,Han - Exp 2,18.5,,10.0,20.0,5.9833333333333325
325,bicycle,,,skateboard,Han - Exp 2,55.0,,80.0,65.0,8.083333333333332
326,bicycle,,,submarine,Han - Exp 2,28.1,,0.0,25.0,5.9833333333333325
327,bicycle,,,tram,Han - Exp 2,33.25,,0.0,40.0,6.9833333333333325
328,bicycle,airplane,,skateboard,Han - Exp 2,44.25,,80.0,60.0,9.219444444444443
329,blackbird,,,canary,Han - Exp 2,57.888888888888886,,80.0,75.0,10.28921568627451
330,blackbird,,,dove,Han - Exp 2,46.11111111111112,,50.0,65.0,10.78921568627451
331,blackbird,,,falcon,Han - Exp 2,42.375,,70.0,70.0,9.083333333333332
332,blackbird,,,magpie,Han - Exp 2,64.55555555555556,,80.0,75.0,11.78921568627451
333,blackbird,,,ostrich,Han - Exp 2,43.4375,,50.0,50.0,7.524509803921568
334,blackbird,,,pelican,Han - Exp 2,53.2,,50.0,55.0,8.142156862745098
335,blackbird,,,rooster,Han - Exp 2,44.9,,80.0,70.0,8.642156862745098
336,blackbird,,,seagull,Han - Exp 2,63.66666666666666,,70.0,70.0,9.553921568627452
337,blackbird,,,sparrow,Han - Exp 2,56.25,,80.0,80.0,11.759803921568627
338,blackbird,,,swallow,Han - Exp 2,59.94117647058823,,80.0,70.0,10.642156862745098
339,boat,,,bus,Han - Exp 2,42.1,,0.0,40.0,7.911111111111111
340,boat,,,trailer,Han - Exp 2,33.88235294117647,,0.0,60.0,7.777777777777777
341,boat,,,car,Han - Exp 2,25.714285714285715,,0.0,60.0,7.0777777777777775
342,boat,,,cart,Han - Exp 2,29.8,,50.0,40.0,6.944444444444445
343,boat,,,hovercraft,Han - Exp 2,53.2,,90.0,70.0,11.044444444444444
344,boat,,,skateboard,Han - Exp 2,29.33333333333333,,20.0,35.0,6.244444444444444
345,boat,,,tractor,Han - Exp 2,33.22222222222222,,10.0,40.0,6.5777777777777775
346,boat,,,tram,Han - Exp 2,42.2,,0.0,40.0,6.511111111111111
347,boat,,,van,Han - Exp 2,40.2,,10.0,40.0,7.011111111111111
348,boat,bicycle,,bus,Han - Exp 2,39.9,,0.0,80.0,8.816666666666666
349,bus,,,airplane,Han - Exp 2,36.142857142857146,,50.0,60.0,9.348611111111111
350,bus,,,boat,Han - Exp 2,46.27777777777778,,10.0,40.0,8.848611111111111
351,bus,,,carriage,Han - Exp 2,43.333333333333336,,80.0,60.0,9.281944444444443
352,bus,,,car,Han - Exp 2,60.3,,90.0,80.0,10.74861111111111
353,bus,,,train,Han - Exp 2,63.2,,80.0,65.0,11.148611111111112
354,bus,,,van,Han - Exp 2,79.4,,90.0,70.0,11.015277777777778
355,bus,,,zeppelin,Han - Exp 2,33.17857142857143,,10.0,35.0,8.415277777777778
356,dromedary,,,cat,Han - Exp 2,29.166666666666668,,10.0,50.0,7.531798245614035
357,dromedary,,,dog,Han - Exp 2,55.7,,20.0,50.0,7.847587719298245
358,dromedary,,,donkey,Han - Exp 2,57.25,,50.0,55.0,9.216008771929824
359,dromedary,,,elephant,Han - Exp 2,57.55555555555556,,10.0,50.0,8.55811403508772
360,dromedary,,,hedgehog,Han - Exp 2,20.625,,10.0,50.0,7.294956140350877
361,dromedary,,,llama,Han - Exp 2,72.57894736842105,,80.0,75.0,10.584429824561404
362,dromedary,,,mouse,Han - Exp 2,37.11111111111112,,10.0,50.0,6.479166666666666
363,dromedary,,,tiger,Han - Exp 2,42.25,,0.0,50.0,7.952850877192983
364,dromedary,beaver,,donkey,Han - Exp 2,59.375,,80.0,70.0,9.93092105263158
365,dromedary,beaver,,elephant,Han - Exp 2,55.333333333333336,,80.0,70.0,9.273026315789473
366,dromedary,beaver,,tiger,Han - Exp 2,53.625,,50.0,65.0,8.667763157894736
367,canary,,,eagle,Han - Exp 2,45.61111111111112,,50.0,65.0,7.400735294117648
368,canary,,,falcon,Han - Exp 2,36.5,,50.0,65.0,7.783088235294118
369,canary,,,ostrich,Han - Exp 2,41.71428571428572,,20.0,65.0,7.194852941176471
370,canary,,,pelican,Han - Exp 2,47.25,,20.0,65.0,7.577205882352942
371,canary,,,stork,Han - Exp 2,45.6,,20.0,55.0,7.430147058823531
372,canary,,,swan,Han - Exp 2,30.5,,50.0,65.0,7.724264705882353
373,canary,blackbird,,ostrich,Han - Exp 2,35.42857142857143,,50.0,70.0,7.855392156862744
374,trailer,,,jeep,Han - Exp 2,50.8,,90.0,60.0,8.280555555555555
375,trailer,,,skateboard,Han - Exp 2,30.25925925925926,,10.0,30.0,6.747222222222222
376,trailer,boat,,skateboard,Han - Exp 2,30.7,,0.0,60.0,7.391666666666666
377,carriage,,,airplane,Han - Exp 2,33.9,,10.0,40.0,7.394444444444444
378,carriage,,,bicycle,Han - Exp 2,56.57142857142857,,0.0,60.0,8.761111111111113
379,carriage,,,boat,Han - Exp 2,28.875,,0.0,40.0,7.961111111111112
380,carriage,,,trailer,Han - Exp 2,53.77777777777778,,100.0,65.0,9.427777777777775
381,carriage,,,cart,Han - Exp 2,63.125,,90.0,80.0,11.86111111111111
382,carriage,,,jeep,Han - Exp 2,48.53333333333333,,80.0,60.0,8.994444444444445
383,carriage,,,motorbike,Han - Exp 2,39.85714285714285,,50.0,40.0,7.761111111111111
384,carriage,,,rocket,Han - Exp 2,24.0,,10.0,25.0,6.627777777777778
385,carriage,,,submarine,Han - Exp 2,31.1,,10.0,30.0,6.761111111111111
386,carriage,,,tractor,Han - Exp 2,43.1,,50.0,60.0,8.761111111111113
387,car,,,trailer,Han - Exp 2,47.142857142857146,,100.0,70.0,9.720833333333331
388,car,,,carriage,Han - Exp 2,66.7,,90.0,65.0,10.220833333333331
389,car,,,jeep,Han - Exp 2,78.5,,100.0,90.0,13.454166666666666
390,car,,,motorbike,Han - Exp 2,57.3,,90.0,70.0,9.2875
391,car,,,sled,Han - Exp 2,30.176470588235293,,10.0,40.0,8.620833333333334
392,car,,,taxi,Han - Exp 2,85.5,,100.0,95.0,13.8875
393,car,,,zeppelin,Han - Exp 2,33.8,,0.0,40.0,7.7541666666666655
394,car,bicycle,,carriage,Han - Exp 2,67.2,,100.0,85.0,10.738888888888887
395,car,bus,,zeppelin,Han - Exp 2,28.3,,80.0,60.0,9.166666666666666
396,car,trailer,,jeep,Han - Exp 2,75.9,,100.0,90.0,13.7375
397,cart,,,trailer,Han - Exp 2,47.48148148148148,,90.0,70.0,9.34722222222222
398,cart,,,carriage,Han - Exp 2,68.3,,90.0,80.0,11.680555555555555
399,cart,,,helicopter,Han - Exp 2,29.444444444444443,,10.0,30.0,6.713888888888889
400,cart,,,jeep,Han - Exp 2,38.3,,80.0,60.0,8.613888888888889
401,cart,,,sled,Han - Exp 2,42.833333333333336,,80.0,65.0,10.01388888888889
402,cart,airplane,,helicopter,Han - Exp 2,74.0,,100.0,80.0,12.45138888888889
403,cart,bicycle,,carriage,Han - Exp 2,71.6,,100.0,85.0,12.270833333333332
404,cart,car,,trailer,Han - Exp 2,61.285714285714285,,100.0,85.0,10.45
405,cat,,,cow,Han - Exp 2,43.61111111111112,,20.0,55.0,7.600877192982455
406,cat,,,lion,Han - Exp 2,74.0,,90.0,90.0,10.285087719298248
407,cat,,,llama,Han - Exp 2,41.8,,20.0,50.0,7.364035087719299
408,cat,,,rabbit,Han - Exp 2,64.25,,20.0,55.0,8.942982456140351
409,cat,,,squirrel,Han - Exp 2,36.1,,20.0,65.0,8.62719298245614
410,cat,,,tiger,Han - Exp 2,76.11111111111111,,90.0,90.0,11.469298245614034
411,chicken,,,blackbird,Han - Exp 2,56.375,,50.0,75.0,8.908088235294116
412,chicken,,,canary,Han - Exp 2,49.285714285714285,,80.0,75.0,8.9375
413,chicken,,,pelican,Han - Exp 2,43.42857142857143,,50.0,65.0,9.231617647058822
414,chicken,,,robin,Han - Exp 2,47.875,,50.0,75.0,8.9375
415,chicken,,,rooster,Han - Exp 2,85.3076923076923,,100.0,95.0,13.525735294117643
416,chicken,,,stork,Han - Exp 2,47.875,,80.0,65.0,8.555147058823529
417,chicken,,,turkey,Han - Exp 2,73.72222222222223,,90.0,80.0,12.996323529411764
418,chicken,,,woodpecker,Han - Exp 2,45.125,,80.0,70.0,8.231617647058822
419,chicken,canary,,stork,Han - Exp 2,57.0,,80.0,70.0,9.21813725490196
420,cow,,,cat,Han - Exp 2,33.4375,,10.0,50.0,7.575657894736842
421,cow,,,donkey,Han - Exp 2,52.75,,70.0,65.0,9.865131578947368
422,cow,,,hippopotamus,Han - Exp 2,53.44444444444444,,80.0,55.0,9.549342105263158
423,cow,,,llama,Han - Exp 2,47.22222222222222,,80.0,65.0,9.12828947368421
424,cow,,,mouse,Han - Exp 2,27.526315789473685,,10.0,55.0,6.996710526315789
425,cow,,,rhinoceros,Han - Exp 2,59.333333333333336,,50.0,55.0,9.049342105263158
426,cow,beaver,,donkey,Han - Exp 2,52.0,,80.0,70.0,10.588815789473683
427,crow,,,peacock,Han - Exp 2,45.44444444444444,,50.0,65.0,8.662990196078432
428,crow,,,pelican,Han - Exp 2,44.41176470588236,,50.0,65.0,8.868872549019608
429,crow,,,robin,Han - Exp 2,68.0,,50.0,75.0,8.39828431372549
430,crow,,,swan,Han - Exp 2,32.6,,50.0,65.0,8.310049019607844
431,crow,,,woodpecker,Han - Exp 2,57.5,,50.0,65.0,11.221813725490197
432,crow,blackbird,,pelican,Han - Exp 2,46.3,,80.0,70.0,9.435049019607844
433,crow,chicken,,woodpecker,Han - Exp 2,69.125,,90.0,85.0,12.133578431372548
434,deer,,,donkey,Han - Exp 2,59.0,,50.0,55.0,9.839912280701755
435,deer,,,fox,Han - Exp 2,50.61111111111112,,50.0,55.0,8.892543859649123
436,deer,,,hedgehog,Han - Exp 2,33.25,,50.0,55.0,7.471491228070176
437,deer,,,hippopotamus,Han - Exp 2,48.0,,20.0,50.0,8.260964912280702
438,deer,,,lion,Han - Exp 2,37.75,,10.0,50.0,8.260964912280702
439,deer,,,rhinoceros,Han - Exp 2,53.333333333333336,,50.0,50.0,8.49780701754386
440,deer,,,squirrel,Han - Exp 2,32.8235294117647,,50.0,55.0,7.971491228070175
441,deer,,,zebra,Han - Exp 2,75.0,,50.0,65.0,9.471491228070176
442,dog,,,cat,Han - Exp 2,54.70588235294117,,80.0,75.0,10.366228070175438
443,dog,,,fox,Han - Exp 2,70.1,,80.0,90.0,10.68201754385965
444,dog,,,rabbit,Han - Exp 2,29.5,,20.0,55.0,8.971491228070175
445,dog,cow,,cat,Han - Exp 2,64.125,,90.0,85.0,11.150219298245611
446,donkey,,,horse,Han - Exp 2,78.26923076923077,,90.0,90.0,12.776315789473683
447,donkey,,,llama,Han - Exp 2,56.0,,70.0,55.0,10.223684210526317
448,donkey,,,zebra,Han - Exp 2,70.26923076923077,,80.0,80.0,10.828947368421051
449,dove,,,duck,Han - Exp 2,51.375,,50.0,70.0,10.389705882352942
450,dove,,,peacock,Han - Exp 2,31.625,,50.0,70.0,9.742647058823527
451,dove,,,robin,Han - Exp 2,56.25,,70.0,75.0,10.713235294117649
452,dove,,,stork,Han - Exp 2,49.35294117647059,,80.0,65.0,8.977941176470587
453,dove,,,swallow,Han - Exp 2,56.55555555555556,,70.0,70.0,10.448529411764708
454,duck,,,chicken,Han - Exp 2,65.62962962962963,,80.0,75.0,10.85416666666667
455,duck,,,eagle,Han - Exp 2,25.125,,50.0,70.0,8.060049019607844
456,duck,,,magpie,Han - Exp 2,43.44444444444444,,50.0,70.0,8.618872549019608
457,duck,,,pelican,Han - Exp 2,55.76923076923077,,80.0,75.0,9.64828431372549
458,duck,,,seagull,Han - Exp 2,54.333333333333336,,70.0,75.0,8.883578431372548
459,duck,,,sparrow,Han - Exp 2,52.66666666666666,,20.0,75.0,8.177696078431373
460,duck,,,stork,Han - Exp 2,66.375,,80.0,65.0,8.354166666666668
461,duck,,,turkey,Han - Exp 2,60.44,,50.0,70.0,11.14828431372549
462,duck,blackbird,,seagull,Han - Exp 2,71.11111111111111,,80.0,85.0,10.448529411764708
463,eagle,,,blackbird,Han - Exp 2,51.625,,50.0,70.0,7.681372549019608
464,eagle,,,canary,Han - Exp 2,35.75,,20.0,75.0,7.504901960784314
465,eagle,,,falcon,Han - Exp 2,76.72222222222223,,80.0,90.0,12.151960784313726
466,eagle,,,magpie,Han - Exp 2,46.0,,50.0,75.0,8.71078431372549
467,eagle,,,robin,Han - Exp 2,48.44444444444444,,20.0,75.0,7.740196078431372
468,eagle,,,turkey,Han - Exp 2,52.75,,70.0,65.0,8.32843137254902
469,eagle,,,vulture,Han - Exp 2,64.46666666666667,,80.0,75.0,11.916666666666668
470,eagle,blackbird,,falcon,Han - Exp 2,70.125,,90.0,85.0,13.272058823529411
471,eagle,blackbird,,magpie,Han - Exp 2,62.66666666666666,,90.0,85.0,12.654411764705882
472,eagle,crow,,robin,Han - Exp 2,63.333333333333336,,80.0,85.0,8.863970588235293
473,elephant,,,hamster,Han - Exp 2,25.875,,10.0,50.0,6.5548245614035086
474,elephant,,,hedgehog,Han - Exp 2,34.333333333333336,,10.0,50.0,7.00219298245614
475,elephant,,,horse,Han - Exp 2,41.5625,,50.0,65.0,8.449561403508772
476,elephant,,,mouse,Han - Exp 2,16.75,,10.0,50.0,6.423245614035087
477,elephant,,,squirrel,Han - Exp 2,26.0,,10.0,50.0,6.475877192982456
478,elephant,,,wolf,Han - Exp 2,45.89473684210526,,10.0,50.0,7.528508771929824
479,elephant,donkey,,horse,Han - Exp 2,56.0,,100.0,85.0,13.206140350877192
480,falcon,,,canary,Han - Exp 2,44.75,,20.0,70.0,8.176470588235293
481,falcon,,,heron,Han - Exp 2,65.55555555555556,,20.0,65.0,10.323529411764708
482,falcon,,,robin,Han - Exp 2,54.11111111111112,,50.0,70.0,8.294117647058822
483,falcon,,,sparrow,Han - Exp 2,46.25,,80.0,75.0,9.264705882352942
484,falcon,,,swan,Han - Exp 2,32.42857142857143,,50.0,65.0,8.264705882352942
485,fox,,,cow,Han - Exp 2,36.92307692307692,,10.0,50.0,7.929824561403507
486,fox,,,hippopotamus,Han - Exp 2,44.1,,10.0,50.0,7.692982456140351
487,fox,,,tiger,Han - Exp 2,45.833333333333336,,50.0,65.0,9.192982456140353
488,fox,,,wolf,Han - Exp 2,75.55555555555556,,80.0,90.0,11.298245614035087
489,fox,cat,,cow,Han - Exp 2,43.0,,50.0,60.0,8.398026315789474
490,fox,deer,,hippopotamus,Han - Exp 2,56.5,,50.0,60.0,8.930921052631579
491,giraffe,,,cat,Han - Exp 2,22.4,,10.0,50.0,6.9298245614035086
492,giraffe,,,elephant,Han - Exp 2,42.5,,10.0,55.0,9.008771929824562
493,giraffe,,,fox,Han - Exp 2,40.61111111111112,,10.0,50.0,7.403508771929824
494,giraffe,,,hamster,Han - Exp 2,23.875,,10.0,50.0,6.456140350877193
495,giraffe,,,llama,Han - Exp 2,64.44444444444444,,50.0,55.0,9.56140350877193
496,giraffe,,,mouse,Han - Exp 2,33.411764705882355,,10.0,50.0,6.508771929824562
497,giraffe,dromedary,,cat,Han - Exp 2,36.8,,20.0,60.0,7.8826754385964914
498,giraffe,cow,,llama,Han - Exp 2,69.44444444444444,,80.0,70.0,10.138157894736842
499,giraffe,dog,,fox,Han - Exp 2,65.4,,80.0,85.0,11.354166666666668
500,giraffe,elephant,,hamster,Han - Exp 2,24.25,,0.0,40.0,7.033991228070176
501,hamster,,,cat,Han - Exp 2,42.55555555555556,,20.0,65.0,8.456140350877192
502,hamster,,,donkey,Han - Exp 2,45.6,,0.0,50.0,6.4561403508771935
503,hamster,,,fox,Han - Exp 2,35.75,,20.0,65.0,7.482456140350877
504,hamster,,,giraffe,Han - Exp 2,26.03703703703704,,10.0,50.0,6.271929824561402
505,hamster,,,hedgehog,Han - Exp 2,69.875,,50.0,55.0,8.692982456140351
506,hamster,,,lion,Han - Exp 2,34.4,,10.0,50.0,6.771929824561402
507,hamster,,,llama,Han - Exp 2,42.94736842105263,,10.0,50.0,7.008771929824561
508,hamster,,,mouse,Han - Exp 2,85.625,,80.0,80.0,10.64035087719298
509,hamster,,,rabbit,Han - Exp 2,68.125,,50.0,65.0,10.350877192982455
510,hamster,,,squirrel,Han - Exp 2,59.888888888888886,,70.0,75.0,10.035087719298245
511,hamster,,,zebra,Han - Exp 2,19.5,,10.0,50.0,7.035087719298245
512,hamster,dromedary,,hedgehog,Han - Exp 2,50.5,,80.0,70.0,9.986842105263158
513,hamster,cat,,rabbit,Han - Exp 2,77.5,,80.0,85.0,11.332236842105264
514,hamster,deer,,squirrel,Han - Exp 2,62.22222222222222,,80.0,85.0,11.384868421052632
515,hamster,donkey,,llama,Han - Exp 2,58.888888888888886,,75.0,70.0,11.115131578947368
516,hamster,donkey,,zebra,Han - Exp 2,67.2,,80.0,70.0,11.720394736842106
517,hamster,elephant,,mouse,Han - Exp 2,65.75,,80.0,85.0,11.850877192982455
518,hamster,giraffe,,fox,Han - Exp 2,58.5,,50.0,70.0,8.744517543859649
519,hedgehog,,,donkey,Han - Exp 2,42.0,,10.0,50.0,6.821271929824562
520,hedgehog,,,elephant,Han - Exp 2,35.0,,10.0,50.0,6.584429824561404
521,hedgehog,,,rhinoceros,Han - Exp 2,35.0,,20.0,50.0,6.68969298245614
522,hedgehog,,,wolf,Han - Exp 2,38.55555555555556,,10.0,50.0,6.347587719298246
523,hedgehog,,,zebra,Han - Exp 2,31.125,,0.0,50.0,6.452850877192983
524,hedgehog,beaver,,elephant,Han - Exp 2,38.25,,10.0,70.0,7.178728070175439
525,hedgehog,hamster,,donkey,Han - Exp 2,40.8,,50.0,60.0,7.451754385964913
526,helicopter,,,airplane,Han - Exp 2,71.3,,80.0,80.0,10.727777777777778
527,helicopter,,,bicycle,Han - Exp 2,24.4,,0.0,35.0,5.927777777777777
528,helicopter,,,boat,Han - Exp 2,46.75,,0.0,40.0,5.994444444444444
529,helicopter,,,jeep,Han - Exp 2,30.6,,0.0,40.0,6.394444444444444
530,helicopter,,,rocket,Han - Exp 2,47.8,,20.0,60.0,7.627777777777778
531,helicopter,,,skateboard,Han - Exp 2,27.875,,10.0,25.0,5.661111111111111
532,helicopter,,,sled,Han - Exp 2,28.16,,0.0,30.0,5.861111111111111
533,helicopter,,,tram,Han - Exp 2,38.27777777777778,,0.0,40.0,6.361111111111111
534,helicopter,,,zeppelin,Han - Exp 2,53.1,,0.0,60.0,9.06111111111111
535,helicopter,bus,,boat,Han - Exp 2,63.75,,50.0,80.0,9.3625
536,helicopter,carriage,,airplane,Han - Exp 2,61.6,,80.0,80.0,12.343055555555557
537,helicopter,car,,sled,Han - Exp 2,25.714285714285715,,0.0,60.0,9.268055555555556
538,heron,,,crow,Han - Exp 2,53.21052631578947,,50.0,65.0,10.290441176470589
539,heron,,,dove,Han - Exp 2,53.76470588235294,,50.0,65.0,8.849264705882353
540,heron,,,ostrich,Han - Exp 2,56.88235294117647,,20.0,55.0,9.966911764705882
541,heron,,,peacock,Han - Exp 2,52.75,,20.0,65.0,9.672794117647058
542,heron,,,sparrow,Han - Exp 2,43.75,,20.0,70.0,8.819852941176471
543,heron,,,stork,Han - Exp 2,68.72222222222223,,90.0,75.0,12.4375
544,heron,blackbird,,dove,Han - Exp 2,67.22222222222223,,80.0,85.0,11.865196078431373
545,heron,dove,,stork,Han - Exp 2,69.77777777777777,,90.0,85.0,13.34436274509804
546,hippopotamus,,,beaver,Han - Exp 2,38.55555555555556,,20.0,65.0,7.512061403508771
547,hippopotamus,,,cow,Han - Exp 2,52.73333333333333,,80.0,75.0,9.459429824561404
548,hippopotamus,,,deer,Han - Exp 2,37.44444444444444,,50.0,65.0,8.038377192982455
549,hippopotamus,,,dog,Han - Exp 2,44.11111111111112,,20.0,55.0,7.854166666666667
550,hippopotamus,,,donkey,Han - Exp 2,37.2,,50.0,50.0,7.959429824561404
551,hippopotamus,,,mouse,Han - Exp 2,20.666666666666668,,10.0,50.0,6.827850877192983
552,hippopotamus,,,rabbit,Han - Exp 2,33.888888888888886,,10.0,50.0,6.959429824561404
553,hippopotamus,,,rhinoceros,Han - Exp 2,72.23529411764706,,80.0,75.0,10.959429824561404
554,hippopotamus,,,tiger,Han - Exp 2,36.96,,20.0,50.0,8.801535087719298
555,hippopotamus,,,zebra,Han - Exp 2,47.25,,20.0,55.0,9.354166666666668
556,hippopotamus,cat,,cow,Han - Exp 2,77.0,,80.0,85.0,10.56030701754386
557,hippopotamus,cat,,tiger,Han - Exp 2,60.44444444444444,,80.0,85.0,12.455043859649123
558,hippopotamus,giraffe,,mouse,Han - Exp 2,35.875,,10.0,60.0,7.245614035087719
559,hippopotamus,hedgehog,,zebra,Han - Exp 2,58.375,,50.0,65.0,10.06688596491228
560,horse,,,cat,Han - Exp 2,36.4375,,10.0,50.0,8.205043859649123
561,horse,,,cow,Han - Exp 2,55.61111111111112,,80.0,75.0,10.31030701754386
562,horse,,,donkey,Han - Exp 2,83.82758620689656,,90.0,90.0,12.94188596491228
563,horse,,,fox,Han - Exp 2,47.875,,20.0,50.0,8.547149122807017
564,horse,,,hedgehog,Han - Exp 2,21.25,,10.0,50.0,7.599780701754385
565,horse,,,tiger,Han - Exp 2,42.44444444444444,,10.0,50.0,8.81030701754386
566,horse,,,zebra,Han - Exp 2,87.375,,90.0,90.0,12.231359649122806
567,horse,beaver,,tiger,Han - Exp 2,62.888888888888886,,50.0,70.0,9.455043859649123
568,horse,dromedary,,cat,Han - Exp 2,37.125,,10.0,60.0,8.448464912280702
569,horse,deer,,donkey,Han - Exp 2,77.1,,100.0,85.0,13.269736842105264
570,horse,deer,,zebra,Han - Exp 2,85.125,,100.0,90.0,12.55921052631579
571,horse,hippopotamus,,cow,Han - Exp 2,70.6,,90.0,85.0,10.707236842105264
572,horse,hippopotamus,,donkey,Han - Exp 2,78.1,,100.0,85.0,13.33881578947368
573,hovercraft,,,bicycle,Han - Exp 2,32.2,,0.0,40.0,5.506944444444445
574,hovercraft,,,boat,Han - Exp 2,65.125,,50.0,65.0,10.806944444444444
575,hovercraft,,,motorbike,Han - Exp 2,29.75,,0.0,40.0,6.1402777777777775
576,hovercraft,,,rocket,Han - Exp 2,32.1,,20.0,40.0,6.840277777777777
577,hovercraft,,,tractor,Han - Exp 2,24.166666666666668,,0.0,40.0,6.240277777777778
578,hovercraft,,,van,Han - Exp 2,32.2,,50.0,40.0,5.873611111111112
579,hovercraft,carriage,,boat,Han - Exp 2,61.0,,50.0,80.0,12.365277777777775
580,hovercraft,helicopter,,bicycle,Han - Exp 2,36.2,,0.0,40.0,6.618055555555555
581,hovercraft,helicopter,,rocket,Han - Exp 2,69.0,,50.0,80.0,8.318055555555556
582,jeep,,,car,Han - Exp 2,81.6,,100.0,85.0,12.945833333333333
583,jeep,,,helicopter,Han - Exp 2,28.2,,0.0,30.0,7.279166666666667
584,jeep,,,motorbike,Han - Exp 2,50.4,,50.0,40.0,8.2125
585,jeep,,,rocket,Han - Exp 2,24.2,,10.0,20.0,6.812500000000002
586,jeep,,,submarine,Han - Exp 2,20.9,,0.0,25.0,7.279166666666667
587,jeep,,,tractor,Han - Exp 2,55.44,,50.0,60.0,9.9125
588,jeep,airplane,,tractor,Han - Exp 2,74.625,,50.0,60.0,10.793055555555554
589,jeep,boat,,car,Han - Exp 2,68.28571428571429,,100.0,90.0,13.666666666666666
590,lion,,,cat,Han - Exp 2,75.72222222222223,,100.0,90.0,10.423245614035087
591,lion,,,dog,Han - Exp 2,47.333333333333336,,50.0,70.0,9.081140350877192
592,lion,,,hedgehog,Han - Exp 2,23.9375,,10.0,50.0,7.160087719298245
593,lion,,,hippopotamus,Han - Exp 2,38.125,,20.0,50.0,8.923245614035087
594,lion,,,rhinoceros,Han - Exp 2,47.0,,20.0,50.0,8.765350877192983
595,lion,,,squirrel,Han - Exp 2,14.9,,10.0,50.0,7.317982456140351
596,lion,cow,,hippopotamus,Han - Exp 2,70.625,,80.0,85.0,10.30043859649123
597,lion,cow,,rhinoceros,Han - Exp 2,71.33333333333333,,80.0,70.0,9.80043859649123
598,lion,hedgehog,,rhinoceros,Han - Exp 2,53.125,,80.0,70.0,9.400219298245611
599,lion,hippopotamus,,rhinoceros,Han - Exp 2,76.5,,80.0,85.0,11.731359649122808
600,lion,horse,,hedgehog,Han - Exp 2,33.625,,50.0,70.0,8.208333333333334
601,llama,,,cat,Han - Exp 2,31.294117647058822,,10.0,50.0,7.643640350877194
602,llama,,,dog,Han - Exp 2,41.61538461538461,,50.0,50.0,8.669956140350877
603,llama,,,giraffe,Han - Exp 2,54.75,,20.0,55.0,10.06469298245614
604,llama,,,hamster,Han - Exp 2,30.9,,20.0,50.0,7.696271929824562
605,llama,,,horse,Han - Exp 2,70.16666666666667,,70.0,65.0,10.591008771929824
606,llama,,,squirrel,Han - Exp 2,24.0,,10.0,50.0,7.959429824561403
607,llama,,,tiger,Han - Exp 2,34.111111111111114,,10.0,50.0,9.538377192982455
608,llama,,,zebra,Han - Exp 2,65.66666666666667,,20.0,55.0,9.93311403508772
609,llama,beaver,,dog,Han - Exp 2,57.25,,80.0,70.0,9.290570175438596
610,llama,beaver,,hamster,Han - Exp 2,52.0,,80.0,70.0,10.158991228070176
611,llama,donkey,,horse,Han - Exp 2,83.9,,100.0,85.0,13.24232456140351
612,llama,elephant,,squirrel,Han - Exp 2,30.3,,10.0,60.0,8.349780701754387
613,llama,fox,,tiger,Han - Exp 2,44.44444444444444,,50.0,70.0,10.24780701754386
614,llama,hamster,,giraffe,Han - Exp 2,62.625,,50.0,70.0,10.966008771929824
615,llama,lion,,cat,Han - Exp 2,69.77777777777777,,80.0,70.0,11.18969298245614
616,magpie,,,blackbird,Han - Exp 2,68.61111111111111,,70.0,75.0,12.051470588235292
617,magpie,,,chicken,Han - Exp 2,40.625,,50.0,65.0,9.227941176470589
618,magpie,,,crow,Han - Exp 2,68.2,,80.0,90.0,12.463235294117649
619,magpie,,,duck,Han - Exp 2,54.388888888888886,,10.0,65.0,9.051470588235292
620,magpie,,,falcon,Han - Exp 2,48.888888888888886,,50.0,70.0,9.639705882352942
621,magpie,,,stork,Han - Exp 2,58.333333333333336,,20.0,65.0,8.463235294117649
622,magpie,,,swan,Han - Exp 2,26.857142857142858,,50.0,55.0,8.198529411764707
623,magpie,,,turkey,Han - Exp 2,50.26315789473684,,50.0,55.0,8.669117647058824
624,magpie,,,woodpecker,Han - Exp 2,55.1764705882353,,50.0,65.0,11.639705882352942
625,magpie,chicken,,turkey,Han - Exp 2,67.2,,90.0,85.0,14.118872549019608
626,magpie,crow,,swan,Han - Exp 2,40.0,,70.0,70.0,8.76593137254902
627,magpie,duck,,turkey,Han - Exp 2,50.333333333333336,,80.0,85.0,12.36519607843137
628,magpie,heron,,crow,Han - Exp 2,67.0,,90.0,85.0,13.301470588235292
629,magpie,heron,,stork,Han - Exp 2,70.44444444444444,,90.0,85.0,13.360294117647058
630,mouse,,,cat,Han - Exp 2,40.25,,50.0,55.0,7.407894736842104
631,mouse,,,dog,Han - Exp 2,33.55555555555556,,50.0,65.0,6.907894736842104
632,mouse,,,elephant,Han - Exp 2,36.0,,10.0,50.0,5.934210526315789
633,mouse,,,giraffe,Han - Exp 2,21.0,,10.0,50.0,5.9605263157894735
634,mouse,,,hamster,Han - Exp 2,74.0,,90.0,80.0,10.276315789473683
635,mouse,,,hippopotamus,Han - Exp 2,38.11111111111112,,10.0,50.0,6.171052631578947
636,mouse,,,rabbit,Han - Exp 2,60.625,,50.0,65.0,7.75
637,mouse,,,wolf,Han - Exp 2,35.333333333333336,,50.0,50.0,6.302631578947368
638,mouse,beaver,,giraffe,Han - Exp 2,42.875,,10.0,60.0,7.076754385964912
639,mouse,beaver,,hamster,Han - Exp 2,66.0,,90.0,85.0,10.99780701754386
640,mouse,hedgehog,,elephant,Han - Exp 2,41.8,,10.0,65.0,6.927631578947368
641,mouse,hedgehog,,wolf,Han - Exp 2,44.11111111111112,,50.0,70.0,6.717105263157895
642,mouse,lion,,dog,Han - Exp 2,52.77777777777778,,80.0,85.0,9.76206140350877
643,motorbike,,,bicycle,Han - Exp 2,60.5,,90.0,70.0,11.1125
644,motorbike,,,bus,Han - Exp 2,44.11764705882353,,50.0,60.0,7.9125
645,motorbike,,,carriage,Han - Exp 2,43.6,,50.0,40.0,7.379166666666667
646,motorbike,,,car,Han - Exp 2,56.36666666666667,,100.0,70.0,8.412500000000001
647,motorbike,,,jeep,Han - Exp 2,63.5,,50.0,65.0,7.845833333333334
648,motorbike,,,rocket,Han - Exp 2,32.5,,20.0,35.0,6.479166666666669
649,motorbike,,,train,Han - Exp 2,41.55,,10.0,40.0,7.2125
650,motorbike,bus,,train,Han - Exp 2,54.1,,75.0,85.0,11.819444444444446
651,motorbike,carriage,,rocket,Han - Exp 2,32.6,,50.0,60.0,7.525
652,motorbike,car,,jeep,Han - Exp 2,87.375,,100.0,90.0,14.029166666666669
653,motorbike,cart,,carriage,Han - Exp 2,69.3,,100.0,80.0,12.397222222222222
654,ostrich,,,blackbird,Han - Exp 2,47.6875,,20.0,65.0,6.889705882352941
655,ostrich,,,canary,Han - Exp 2,47.03703703703704,,20.0,65.0,6.919117647058823
656,ostrich,,,crow,Han - Exp 2,46.44444444444444,,20.0,65.0,8.125
657,ostrich,,,duck,Han - Exp 2,41.25,,20.0,65.0,7.713235294117647
658,ostrich,,,magpie,Han - Exp 2,47.44444444444444,,20.0,65.0,7.448529411764706
659,ostrich,,,pelican,Han - Exp 2,38.285714285714285,,20.0,65.0,8.742647058823529
660,ostrich,,,robin,Han - Exp 2,56.22222222222222,,10.0,65.0,6.9485294117647065
661,ostrich,,,sparrow,Han - Exp 2,39.61111111111112,,10.0,65.0,7.066176470588236
662,ostrich,,,stork,Han - Exp 2,60.25,,50.0,65.0,9.419117647058822
663,ostrich,,,swallow,Han - Exp 2,42.64705882352941,,10.0,55.0,7.654411764705882
664,ostrich,blackbird,,swallow,Han - Exp 2,65.77777777777777,,80.0,85.0,11.43872549019608
665,ostrich,chicken,,pelican,Han - Exp 2,38.71428571428572,,80.0,85.0,9.970588235294116
666,ostrich,dove,,duck,Han - Exp 2,71.625,,80.0,85.0,10.964460784313726
667,ostrich,duck,,magpie,Han - Exp 2,56.333333333333336,,70.0,85.0,9.14828431372549
668,ostrich,duck,,stork,Han - Exp 2,76.875,,80.0,85.0,10.41299019607843
669,ostrich,eagle,,blackbird,Han - Exp 2,77.625,,80.0,85.0,8.155637254901961
670,parrot,,,crow,Han - Exp 2,58.44444444444444,,70.0,70.0,9.122549019607842
671,parrot,,,dove,Han - Exp 2,53.55555555555556,,80.0,70.0,9.09313725490196
672,parrot,,,duck,Han - Exp 2,59.125,,10.0,65.0,8.034313725490197
673,parrot,,,eagle,Han - Exp 2,50.6875,,20.0,70.0,8.769607843137255
674,parrot,,,falcon,Han - Exp 2,53.0,,50.0,70.0,8.799019607843137
675,parrot,,,ostrich,Han - Exp 2,40.0,,10.0,65.0,8.063725490196077
676,parrot,,,rooster,Han - Exp 2,48.05882352941177,,50.0,70.0,9.181372549019608
677,parrot,,,sparrow,Han - Exp 2,51.875,,50.0,75.0,7.975490196078431
678,parrot,,,turkey,Han - Exp 2,43.125,,50.0,65.0,8.32843137254902
679,parrot,,,vulture,Han - Exp 2,42.5,,50.0,65.0,8.534313725490197
680,parrot,blackbird,,ostrich,Han - Exp 2,51.22222222222222,,50.0,85.0,8.875
681,parrot,chicken,,rooster,Han - Exp 2,72.55555555555556,,100.0,95.0,14.079656862745097
682,parrot,chicken,,turkey,Han - Exp 2,77.5,,100.0,85.0,13.550245098039213
683,parrot,duck,,sparrow,Han - Exp 2,70.44444444444444,,80.0,85.0,8.830882352941176
684,parrot,eagle,,falcon,Han - Exp 2,66.3,,90.0,85.0,12.854166666666668
685,parrot,eagle,,vulture,Han - Exp 2,78.75,,100.0,85.0,12.618872549019608
686,peacock,,,duck,Han - Exp 2,56.5,,50.0,65.0,9.040441176470589
687,peacock,,,rooster,Han - Exp 2,59.8125,,80.0,75.0,10.275735294117649
688,peacock,,,seagull,Han - Exp 2,43.5625,,20.0,55.0,8.863970588235293
689,peacock,,,turkey,Han - Exp 2,61.9,,50.0,75.0,10.922794117647058
690,pelican,,,canary,Han - Exp 2,56.47058823529412,,10.0,65.0,7.705882352941178
691,pelican,,,dove,Han - Exp 2,62.22222222222222,,50.0,65.0,8.058823529411764
692,pelican,,,heron,Han - Exp 2,68.94444444444444,,80.0,75.0,10.352941176470589
693,pelican,,,parrot,Han - Exp 2,44.5,,20.0,65.0,8.97058823529412
694,pelican,,,sparrow,Han - Exp 2,34.75,,20.0,65.0,7.500000000000001
695,pelican,blackbird,,sparrow,Han - Exp 2,58.0,,80.0,85.0,12.725490196078432
696,pelican,falcon,,canary,Han - Exp 2,69.75,,50.0,85.0,8.855392156862745
697,pelican,falcon,,heron,Han - Exp 2,65.88888888888889,,80.0,85.0,11.29656862745098
698,pelican,heron,,dove,Han - Exp 2,75.0,,80.0,70.0,9.18872549019608
699,pelican,ostrich,,canary,Han - Exp 2,54.333333333333336,,20.0,85.0,8.014705882352942
700,rabbit,,,fox,Han - Exp 2,53.6,,50.0,55.0,7.985745614035087
701,rabbit,,,hippopotamus,Han - Exp 2,26.0,,10.0,50.0,6.827850877192983
702,rabbit,,,horse,Han - Exp 2,27.5,,20.0,55.0,7.0910087719298245
703,rabbit,,,lion,Han - Exp 2,41.375,,10.0,50.0,7.012061403508772
704,rabbit,,,rhinoceros,Han - Exp 2,24.57894736842105,,10.0,50.0,6.827850877192984
705,rabbit,,,tiger,Han - Exp 2,31.625,,10.0,50.0,7.275219298245615
706,rabbit,deer,,fox,Han - Exp 2,68.6,,80.0,70.0,9.610745614035087
707,rabbit,deer,,rhinoceros,Han - Exp 2,51.44444444444444,,80.0,60.0,9.216008771929824
708,rabbit,mouse,,hippopotamus,Han - Exp 2,31.444444444444443,,10.0,60.0,7.0866228070175445
709,rhinoceros,,,mouse,Han - Exp 2,27.83333333333333,,10.0,50.0,6.3125
710,rhinoceros,,,rabbit,Han - Exp 2,39.11111111111112,,10.0,50.0,6.891447368421053
711,rhinoceros,,,squirrel,Han - Exp 2,26.0,,10.0,50.0,6.707236842105264
712,rhinoceros,,,wolf,Han - Exp 2,30.392857142857142,,20.0,50.0,7.628289473684211
713,rhinoceros,dromedary,,mouse,Han - Exp 2,45.55555555555556,,10.0,60.0,6.946271929824562
714,rhinoceros,elephant,,squirrel,Han - Exp 2,33.5,,10.0,60.0,6.987938596491228
715,rhinoceros,elephant,,wolf,Han - Exp 2,47.0,,0.0,60.0,7.908991228070175
716,rhinoceros,hippopotamus,,rabbit,Han - Exp 2,40.22222222222222,,0.0,50.0,7.182017543859648
717,robin,,,dove,Han - Exp 2,69.55555555555556,,70.0,75.0,10.197303921568627
718,robin,,,eagle,Han - Exp 2,54.4,,50.0,70.0,7.697303921568627
719,robin,,,falcon,Han - Exp 2,53.36,,80.0,70.0,7.962009803921568
720,robin,,,heron,Han - Exp 2,60.333333333333336,,30.0,65.0,7.726715686274509
721,robin,,,parrot,Han - Exp 2,60.11111111111112,,50.0,70.0,8.785539215686274
722,robin,,,peacock,Han - Exp 2,44.44444444444444,,50.0,65.0,8.197303921568627
723,robin,,,pelican,Han - Exp 2,51.375,,20.0,65.0,7.638480392156863
724,robin,,,rooster,Han - Exp 2,47.0,,90.0,70.0,8.314950980392156
725,robin,,,sparrow,Han - Exp 2,79.5,,80.0,75.0,12.197303921568627
726,robin,blackbird,,rooster,Han - Exp 2,58.1,,100.0,85.0,8.887254901960784
727,robin,canary,,eagle,Han - Exp 2,59.6,,80.0,85.0,7.969362745098039
728,robin,canary,,falcon,Han - Exp 2,46.375,,80.0,85.0,8.23406862745098
729,robin,falcon,,sparrow,Han - Exp 2,71.25,,90.0,85.0,13.188725490196076
730,robin,parrot,,dove,Han - Exp 2,69.88888888888889,,90.0,85.0,10.911764705882351
731,rocket,,,airplane,Han - Exp 2,51.85714285714285,,20.0,70.0,9.161111111111111
732,rocket,,,bicycle,Han - Exp 2,20.60869565217392,,0.0,30.0,5.427777777777778
733,rocket,,,submarine,Han - Exp 2,42.4,,10.0,40.0,6.894444444444444
734,rocket,,,tram,Han - Exp 2,32.44444444444444,,0.0,30.0,5.794444444444444
735,rocket,bus,,airplane,Han - Exp 2,48.42857142857143,,80.0,80.0,11.144444444444446
736,rocket,carriage,,bicycle,Han - Exp 2,34.285714285714285,,50.0,60.0,9.393055555555556
737,rocket,carriage,,submarine,Han - Exp 2,50.9,,0.0,60.0,8.726388888888888
738,rocket,helicopter,,tram,Han - Exp 2,33.6,,0.0,40.0,6.673611111111112
739,rooster,,,blackbird,Han - Exp 2,56.125,,50.0,65.0,8.454656862745098
740,rooster,,,chicken,Han - Exp 2,79.33333333333333,,100.0,95.0,13.278186274509803
741,rooster,,,eagle,Han - Exp 2,55.11111111111112,,50.0,65.0,8.219362745098039
742,rooster,,,parrot,Han - Exp 2,52.47368421052632,,50.0,65.0,9.21936274509804
743,rooster,,,robin,Han - Exp 2,44.0,,50.0,65.0,8.425245098039216
744,rooster,chicken,,blackbird,Han - Exp 2,69.5,,90.0,70.0,9.104166666666666
745,rooster,dove,,robin,Han - Exp 2,51.5,,80.0,85.0,11.232843137254902
746,rooster,magpie,,chicken,Han - Exp 2,74.75,,100.0,90.0,14.416666666666666
747,rooster,robin,,parrot,Han - Exp 2,60.44444444444444,,80.0,85.0,10.022058823529411
748,seagull,,,eagle,Han - Exp 2,64.47058823529412,,80.0,70.0,9.291666666666668
749,seagull,,,falcon,Han - Exp 2,62.44444444444444,,70.0,70.0,9.379901960784313
750,seagull,,,robin,Han - Exp 2,49.625,,50.0,70.0,9.144607843137257
751,seagull,,,rooster,Han - Exp 2,44.77777777777778,,50.0,70.0,8.762254901960784
752,seagull,,,stork,Han - Exp 2,66.88888888888889,,50.0,70.0,9.70343137254902
753,seagull,,,turkey,Han - Exp 2,40.7,,50.0,65.0,8.732843137254902
754,seagull,canary,,stork,Han - Exp 2,60.888888888888886,,80.0,85.0,10.275735294117649
755,seagull,chicken,,rooster,Han - Exp 2,77.66666666666667,,100.0,95.0,14.38112745098039
756,seagull,magpie,,falcon,Han - Exp 2,60.11111111111112,,80.0,85.0,10.107843137254903
757,seagull,peacock,,turkey,Han - Exp 2,61.2,,80.0,85.0,11.723039215686274
758,seagull,rooster,,eagle,Han - Exp 2,64.33333333333333,,80.0,85.0,9.974264705882357
759,sheep,,,beaver,Han - Exp 2,27.2,,10.0,50.0,7.551535087719299
760,sheep,,,deer,Han - Exp 2,52.22222222222222,,50.0,65.0,8.31469298245614
761,sheep,,,elephant,Han - Exp 2,35.10526315789474,,10.0,50.0,7.446271929824562
762,sheep,,,hedgehog,Han - Exp 2,42.77777777777778,,20.0,50.0,7.3936403508771935
763,sheep,,,llama,Han - Exp 2,60.73333333333333,,80.0,70.0,9.551535087719298
764,sheep,,,mouse,Han - Exp 2,27.0,,10.0,65.0,7.788377192982456
765,sheep,,,rabbit,Han - Exp 2,41.27777777777778,,20.0,65.0,8.630482456140351
766,sheep,cat,,llama,Han - Exp 2,67.3,,80.0,70.0,10.339912280701752
767,sheep,cow,,mouse,Han - Exp 2,37.6,,10.0,70.0,8.485745614035089
768,sheep,dog,,rabbit,Han - Exp 2,45.4,,80.0,85.0,9.408991228070176
769,sheep,elephant,,hedgehog,Han - Exp 2,59.44444444444444,,50.0,65.0,8.031798245614036
770,sheep,giraffe,,elephant,Han - Exp 2,65.4,,50.0,70.0,9.712719298245617
771,sheep,hedgehog,,elephant,Han - Exp 2,41.55555555555556,,10.0,70.0,7.899122807017544
772,sheep,hippopotamus,,deer,Han - Exp 2,54.0,,80.0,70.0,9.083333333333334
773,skateboard,,,cart,Han - Exp 2,54.9,,50.0,65.0,6.811111111111112
774,skateboard,,,helicopter,Han - Exp 2,22.0,,10.0,25.0,5.377777777777778
775,skateboard,,,rocket,Han - Exp 2,22.125,,10.0,20.0,5.5777777777777775
776,skateboard,,,tractor,Han - Exp 2,32.8,,10.0,30.0,5.611111111111111
777,skateboard,,,zeppelin,Han - Exp 2,23.47058823529412,,0.0,25.0,5.2444444444444445
778,skateboard,helicopter,,zeppelin,Han - Exp 2,43.0,,50.0,60.0,9.745833333333334
779,skateboard,jeep,,tractor,Han - Exp 2,68.0,,50.0,80.0,10.381944444444445
780,sled,,,bicycle,Han - Exp 2,44.375,,0.0,60.0,6.716666666666667
781,sled,,,bus,Han - Exp 2,23.625,,0.0,40.0,6.283333333333334
782,sled,,,trailer,Han - Exp 2,29.25,,20.0,40.0,6.783333333333334
783,sled,,,helicopter,Han - Exp 2,27.4,,0.0,30.0,5.8500000000000005
784,sled,,,tractor,Han - Exp 2,19.3,,10.0,40.0,6.050000000000001
785,sled,carriage,,tractor,Han - Exp 2,47.9,,50.0,60.0,9.061111111111112
786,sled,motorbike,,bicycle,Han - Exp 2,71.875,,100.0,80.0,11.731944444444444
787,sled,rocket,,bicycle,Han - Exp 2,40.125,,0.0,80.0,7.476388888888889
788,sled,skateboard,,helicopter,Han - Exp 2,32.0,,0.0,40.0,6.136111111111111
789,sparrow,,,canary,Han - Exp 2,63.71428571428572,,90.0,80.0,11.43627450980392
790,sparrow,,,chicken,Han - Exp 2,47.22222222222222,,80.0,75.0,8.906862745098039
791,sparrow,,,heron,Han - Exp 2,57.22222222222222,,30.0,65.0,8.495098039215685
792,sparrow,,,pelican,Han - Exp 2,46.875,,50.0,65.0,7.583333333333333
793,sparrow,,,robin,Han - Exp 2,68.6,,80.0,80.0,12.348039215686274
794,sparrow,,,rooster,Han - Exp 2,40.285714285714285,,80.0,75.0,8.318627450980392
795,sparrow,canary,,pelican,Han - Exp 2,49.625,,80.0,85.0,8.087009803921568
796,sparrow,chicken,,canary,Han - Exp 2,62.85714285714285,,100.0,85.0,12.528186274509803
797,sparrow,chicken,,robin,Han - Exp 2,70.5,,90.0,85.0,13.439950980392156
798,sparrow,falcon,,robin,Han - Exp 2,68.77777777777777,,90.0,85.0,13.270833333333334
799,sparrow,peacock,,rooster,Han - Exp 2,50.42857142857143,,90.0,85.0,11.216911764705882
800,sparrow,robin,,heron,Han - Exp 2,67.66666666666667,,70.0,85.0,8.70343137254902
801,sparrow,robin,,pelican,Han - Exp 2,57.125,,80.0,85.0,7.997549019607844
802,sparrow,seagull,,robin,Han - Exp 2,79.375,,90.0,85.0,13.242647058823527
803,squirrel,,,cat,Han - Exp 2,30.2,,20.0,65.0,8.210526315789474
804,squirrel,,,horse,Han - Exp 2,24.25,,10.0,50.0,7.052631578947368
805,squirrel,,,lion,Han - Exp 2,24.166666666666668,,10.0,50.0,6.7631578947368425
806,squirrel,,,rabbit,Han - Exp 2,76.75,,50.0,65.0,9.342105263157896
807,squirrel,,,rhinoceros,Han - Exp 2,18.5,,10.0,50.0,6.473684210526317
808,squirrel,,,tiger,Han - Exp 2,30.75,,10.0,50.0,7.052631578947368
809,squirrel,,,wolf,Han - Exp 2,31.166666666666668,,10.0,50.0,7.578947368421053
810,squirrel,,,zebra,Han - Exp 2,30.96296296296296,,10.0,50.0,6.842105263157895
811,squirrel,fox,,wolf,Han - Exp 2,56.22222222222222,,80.0,70.0,11.847587719298248
812,squirrel,hamster,,lion,Han - Exp 2,28.7,,10.0,60.0,7.114035087719299
813,squirrel,horse,,zebra,Han - Exp 2,82.125,,80.0,85.0,13.018640350877194
814,squirrel,llama,,zebra,Han - Exp 2,64.0,,50.0,70.0,10.696271929824562
815,squirrel,mouse,,rabbit,Han - Exp 2,71.625,,80.0,85.0,9.603070175438596
816,squirrel,rabbit,,horse,Han - Exp 2,55.375,,50.0,65.0,7.490131578947369
817,squirrel,rabbit,,rhinoceros,Han - Exp 2,32.5,,50.0,40.0,7.095394736842107
818,squirrel,rabbit,,tiger,Han - Exp 2,40.875,,20.0,60.0,7.542763157894738
819,stork,,,blackbird,Han - Exp 2,55.375,,20.0,65.0,7.725490196078431
820,stork,,,canary,Han - Exp 2,51.63157894736842,,20.0,65.0,7.549019607843138
821,stork,,,eagle,Han - Exp 2,51.75,,50.0,70.0,9.372549019607842
822,stork,,,ostrich,Han - Exp 2,57.11111111111112,,20.0,65.0,9.813725490196076
823,stork,,,pelican,Han - Exp 2,76.625,,80.0,75.0,11.519607843137257
824,stork,,,robin,Han - Exp 2,47.888888888888886,,50.0,70.0,7.519607843137255
825,stork,,,rooster,Han - Exp 2,65.875,,10.0,65.0,7.519607843137255
826,stork,,,turkey,Han - Exp 2,43.5,,50.0,65.0,8.813725490196077
827,stork,blackbird,,canary,Han - Exp 2,57.7,,80.0,85.0,11.284313725490197
828,stork,chicken,,rooster,Han - Exp 2,78.875,,100.0,95.0,14.372549019607842
829,stork,duck,,eagle,Han - Exp 2,47.25,,80.0,85.0,10.205882352941176
830,stork,duck,,pelican,Han - Exp 2,76.77777777777777,,100.0,85.0,12.352941176470589
831,stork,eagle,,turkey,Han - Exp 2,72.875,,80.0,85.0,9.46936274509804
832,stork,heron,,ostrich,Han - Exp 2,62.888888888888886,,80.0,70.0,10.438725490196076
833,stork,ostrich,,canary,Han - Exp 2,50.888888888888886,,50.0,85.0,7.870098039215686
834,stork,ostrich,,robin,Han - Exp 2,65.88888888888889,,50.0,85.0,7.840686274509803
835,submarine,,,boat,Han - Exp 2,72.96153846153847,,100.0,70.0,10.233333333333333
836,submarine,,,trailer,Han - Exp 2,32.5,,0.0,35.0,6.399999999999999
837,submarine,,,car,Han - Exp 2,39.375,,0.0,40.0,6.533333333333332
838,submarine,,,motorbike,Han - Exp 2,24.5,,0.0,30.0,5.666666666666666
839,submarine,,,sled,Han - Exp 2,22.8,,0.0,30.0,5.399999999999999
840,submarine,,,tractor,Han - Exp 2,29.45,,0.0,40.0,5.866666666666665
841,submarine,,,van,Han - Exp 2,25.8,,0.0,35.0,6.133333333333333
842,submarine,boat,,tractor,Han - Exp 2,45.6,,50.0,40.0,6.781944444444444
843,submarine,boat,,van,Han - Exp 2,34.2,,0.0,40.0,7.215277777777777
844,submarine,bus,,boat,Han - Exp 2,63.1,,100.0,80.0,12.10972222222222
845,submarine,cart,,sled,Han - Exp 2,41.0,,0.0,60.0,10.772222222222222
846,submarine,hovercraft,,motorbike,Han - Exp 2,43.75,,0.0,40.0,6.430555555555555
847,submarine,hovercraft,,tractor,Han - Exp 2,50.0,,0.0,60.0,6.530555555555556
848,submarine,jeep,,car,Han - Exp 2,63.75,,100.0,90.0,13.618055555555555
849,swallow,,,blackbird,Han - Exp 2,61.3125,,50.0,70.0,10.78063725490196
850,swallow,,,chicken,Han - Exp 2,60.888888888888886,,50.0,65.0,8.39828431372549
851,swallow,,,duck,Han - Exp 2,53.72222222222222,,50.0,65.0,9.01593137254902
852,swallow,,,peacock,Han - Exp 2,42.23529411764706,,10.0,65.0,9.01593137254902
853,swallow,,,seagull,Han - Exp 2,54.4375,,70.0,70.0,11.339460784313726
854,swallow,,,sparrow,Han - Exp 2,66.8125,,80.0,75.0,9.957107843137257
855,swallow,dove,,peacock,Han - Exp 2,51.0,,80.0,85.0,10.167892156862743
856,swallow,duck,,chicken,Han - Exp 2,68.0,,80.0,85.0,11.904411764705882
857,swallow,heron,,sparrow,Han - Exp 2,56.25,,90.0,85.0,10.742647058823527
858,swallow,peacock,,seagull,Han - Exp 2,52.42857142857143,,70.0,85.0,12.009803921568627
859,swallow,robin,,peacock,Han - Exp 2,53.22222222222222,,80.0,85.0,9.495098039215687
860,swallow,stork,,blackbird,Han - Exp 2,73.125,,80.0,85.0,11.507352941176473
861,swan,,,blackbird,Han - Exp 2,56.66666666666666,,50.0,70.0,7.9558823529411775
862,swan,,,chicken,Han - Exp 2,49.42857142857143,,20.0,70.0,8.955882352941178
863,swan,,,crow,Han - Exp 2,53.75,,50.0,65.0,7.926470588235293
864,swan,,,dove,Han - Exp 2,57.5,,70.0,70.0,8.779411764705882
865,swan,,,duck,Han - Exp 2,78.23076923076923,,80.0,90.0,12.132352941176473
866,swan,,,eagle,Han - Exp 2,42.5,,50.0,65.0,7.808823529411764
867,swan,,,sparrow,Han - Exp 2,56.125,,10.0,65.0,7.867647058823529
868,swan,,,woodpecker,Han - Exp 2,45.94736842105263,,20.0,65.0,8.161764705882353
869,swan,canary,,eagle,Han - Exp 2,40.625,,80.0,85.0,8.718137254901961
870,swan,heron,,dove,Han - Exp 2,73.625,,80.0,85.0,9.662990196078432
871,swan,magpie,,blackbird,Han - Exp 2,69.44444444444444,,80.0,85.0,12.868872549019606
872,swan,magpie,,duck,Han - Exp 2,70.44444444444444,,80.0,85.0,13.457107843137257
873,swan,ostrich,,crow,Han - Exp 2,68.0,,50.0,85.0,8.92156862745098
874,swan,parrot,,duck,Han - Exp 2,67.75,,80.0,85.0,12.90686274509804
875,swan,parrot,,eagle,Han - Exp 2,73.0,,80.0,85.0,9.524509803921568
876,swan,peacock,,duck,Han - Exp 2,67.875,,80.0,85.0,12.78186274509804
877,swan,rooster,,chicken,Han - Exp 2,73.85714285714286,,100.0,90.0,14.033088235294116
878,swan,swallow,,duck,Han - Exp 2,69.55555555555556,,80.0,85.0,13.268382352941178
879,taxi,,,car,Han - Exp 2,87.55555555555556,,100.0,90.0,13.49861111111111
880,taxi,,,cart,Han - Exp 2,53.3,,80.0,60.0,9.165277777777778
881,taxi,,,train,Han - Exp 2,52.6,,0.0,40.0,8.765277777777778
882,taxi,boat,,cart,Han - Exp 2,58.0,,50.0,60.0,9.879166666666666
883,taxi,motorbike,,car,Han - Exp 2,86.6,,100.0,90.0,14.176388888888884
884,tiger,,,cat,Han - Exp 2,81.14814814814815,,100.0,90.0,11.66666666666667
885,tiger,,,donkey,Han - Exp 2,41.11111111111112,,10.0,50.0,8.37719298245614
886,tiger,,,lion,Han - Exp 2,83.05882352941177,,90.0,90.0,11.719298245614034
887,tiger,,,mouse,Han - Exp 2,25.33333333333333,,10.0,50.0,7.140350877192983
888,tiger,,,rhinoceros,Han - Exp 2,48.64705882352941,,20.0,50.0,9.035087719298248
889,tiger,,,squirrel,Han - Exp 2,22.83333333333333,,10.0,55.0,7.666666666666667
890,tiger,cat,,lion,Han - Exp 2,92.22222222222224,,100.0,90.0,12.225877192982455
891,tiger,deer,,squirrel,Han - Exp 2,43.0,,50.0,70.0,8.639254385964913
892,tiger,giraffe,,mouse,Han - Exp 2,32.0,,10.0,70.0,7.594298245614035
893,tiger,hamster,,cat,Han - Exp 2,70.11111111111111,,100.0,85.0,12.553728070175438
894,tiger,hippopotamus,,rhinoceros,Han - Exp 2,73.77777777777777,,80.0,85.0,11.798245614035087
895,tiger,horse,,donkey,Han - Exp 2,76.0,,90.0,85.0,13.598684210526317
896,tiger,lion,,squirrel,Han - Exp 2,31.5,,10.0,40.0,7.8826754385964914
897,tiger,llama,,cat,Han - Exp 2,57.0,,100.0,70.0,12.425438596491228
898,tiger,rabbit,,lion,Han - Exp 2,82.0,,100.0,85.0,12.491228070175438
899,tiger,squirrel,,cat,Han - Exp 2,72.5,,100.0,85.0,12.400219298245611
900,tractor,,,cart,Han - Exp 2,46.6,,50.0,60.0,8.330555555555556
901,tractor,,,jeep,Han - Exp 2,58.35714285714285,,50.0,60.0,9.463888888888889
902,tractor,,,van,Han - Exp 2,52.2,,50.0,60.0,8.863888888888889
903,tractor,,,zeppelin,Han - Exp 2,14.0,,0.0,30.0,6.597222222222222
904,tractor,airplane,,jeep,Han - Exp 2,64.375,,80.0,80.0,10.405555555555557
905,tractor,hovercraft,,van,Han - Exp 2,59.4,,80.0,60.0,9.670833333333334
906,tractor,skateboard,,cart,Han - Exp 2,58.4,,80.0,80.0,8.852777777777778
907,tractor,skateboard,,zeppelin,Han - Exp 2,22.285714285714285,,50.0,50.0,7.1194444444444445
908,train,,,trailer,Han - Exp 2,42.9,,50.0,40.0,8.402777777777779
909,train,,,car,Han - Exp 2,56.5,,50.0,70.0,8.302777777777777
910,train,,,cart,Han - Exp 2,40.5,,50.0,60.0,8.23611111111111
911,train,,,submarine,Han - Exp 2,31.185185185185187,,10.0,40.0,7.436111111111111
912,train,,,tram,Han - Exp 2,76.77777777777777,,90.0,70.0,12.469444444444443
913,train,bicycle,,tram,Han - Exp 2,69.625,,100.0,85.0,13.195833333333336
914,train,boat,,tram,Han - Exp 2,65.8,,90.0,85.0,13.084722222222222
915,train,carriage,,cart,Han - Exp 2,66.25,,100.0,80.0,12.511111111111113
916,train,rocket,,submarine,Han - Exp 2,59.2,,0.0,80.0,8.405555555555555
917,train,taxi,,car,Han - Exp 2,86.625,,100.0,85.0,14.068055555555556
918,tram,,,boat,Han - Exp 2,38.92857142857143,,0.0,40.0,6.783333333333333
919,tram,,,bus,Han - Exp 2,68.1,,80.0,70.0,11.05
920,tram,,,trailer,Han - Exp 2,51.8,,10.0,40.0,7.75
921,tram,,,car,Han - Exp 2,41.25,,50.0,65.0,7.816666666666666
922,tram,,,hovercraft,Han - Exp 2,24.1,,0.0,40.0,7.283333333333333
923,tram,,,jeep,Han - Exp 2,52.375,,50.0,40.0,7.216666666666667
924,tram,,,motorbike,Han - Exp 2,38.75,,20.0,40.0,7.683333333333334
925,tram,,,train,Han - Exp 2,75.43333333333334,,100.0,80.0,12.316666666666666
926,tram,,,truck,Han - Exp 2,53.7,,50.0,60.0,8.55
927,tram,,,van,Han - Exp 2,65.4,,50.0,40.0,8.35
928,tram,airplane,,train,Han - Exp 2,74.9,,100.0,85.0,13.163888888888888
929,tram,bicycle,,boat,Han - Exp 2,55.125,,0.0,60.0,7.5055555555555555
930,tram,boat,,bus,Han - Exp 2,61.5,,50.0,85.0,11.7625
931,tram,boat,,hovercraft,Han - Exp 2,54.5,,100.0,80.0,12.029166666666669
932,tram,bus,,train,Han - Exp 2,79.9,,100.0,85.0,13.206944444444446
933,tram,bus,,van,Han - Exp 2,81.1,,90.0,80.0,11.240277777777775
934,tram,carriage,,jeep,Han - Exp 2,68.5,,80.0,80.0,9.556944444444444
935,tram,taxi,,train,Han - Exp 2,73.8,,100.0,80.0,13.2
936,truck,,,bicycle,Han - Exp 2,28.6,,10.0,40.0,7.440277777777778
937,truck,,,bus,Han - Exp 2,66.52,,90.0,70.0,11.440277777777776
938,truck,,,trailer,Han - Exp 2,61.2,,80.0,65.0,10.273611111111112
939,truck,,,carriage,Han - Exp 2,46.3,,80.0,60.0,8.87361111111111
940,truck,,,car,Han - Exp 2,76.38888888888889,,90.0,80.0,10.84027777777778
941,truck,,,jeep,Han - Exp 2,80.3,,90.0,70.0,10.37361111111111
942,truck,,,rocket,Han - Exp 2,29.75,,10.0,30.0,7.173611111111111
943,truck,,,submarine,Han - Exp 2,19.41176470588235,,10.0,35.0,7.940277777777777
944,truck,,,train,Han - Exp 2,52.8,,50.0,60.0,9.34027777777778
945,truck,,,zeppelin,Han - Exp 2,28.875,,0.0,30.0,7.773611111111111
946,truck,bus,,carriage,Han - Exp 2,52.7,,90.0,60.0,9.670833333333334
947,truck,bus,,zeppelin,Han - Exp 2,53.375,,80.0,40.0,8.804166666666667
948,truck,helicopter,,jeep,Han - Exp 2,66.7,,80.0,85.0,10.998611111111112
949,truck,jeep,,submarine,Han - Exp 2,14.8,,0.0,40.0,8.365277777777777
950,truck,motorbike,,bicycle,Han - Exp 2,54.4,,50.0,80.0,12.434722222222224
951,truck,motorbike,,bus,Han - Exp 2,73.57142857142857,,100.0,85.0,12.168055555555554
952,truck,skateboard,,rocket,Han - Exp 2,35.75,,50.0,40.0,7.684722222222222
953,truck,sled,,bus,Han - Exp 2,68.75,,80.0,80.0,12.008333333333333
954,truck,train,,trailer,Han - Exp 2,69.9,,80.0,85.0,10.768055555555556
955,truck,train,,submarine,Han - Exp 2,20.285714285714285,,50.0,60.0,8.434722222222222
956,truck,tram,,car,Han - Exp 2,82.375,,90.0,85.0,11.27361111111111
957,turkey,,,chicken,Han - Exp 2,78.11111111111111,,90.0,90.0,12.986519607843135
958,turkey,,,heron,Han - Exp 2,48.5,,20.0,65.0,8.427696078431373
959,turkey,,,parrot,Han - Exp 2,48.578947368421055,,50.0,65.0,8.604166666666666
960,turkey,,,peacock,Han - Exp 2,61.70588235294117,,50.0,65.0,11.104166666666666
961,turkey,,,pelican,Han - Exp 2,43.75,,20.0,65.0,9.957107843137257
962,turkey,,,swallow,Han - Exp 2,45.35294117647059,,10.0,55.0,8.839460784313726
963,turkey,,,vulture,Han - Exp 2,48.85714285714285,,80.0,65.0,8.810049019607842
964,turkey,,,woodpecker,Han - Exp 2,44.1764705882353,,50.0,55.0,8.39828431372549
965,turkey,crow,,peacock,Han - Exp 2,64.11111111111111,,80.0,85.0,12.104166666666666
966,turkey,dove,,swallow,Han - Exp 2,75.77777777777777,,80.0,85.0,11.199754901960784
967,turkey,duck,,pelican,Han - Exp 2,56.0,,90.0,85.0,10.305147058823527
968,turkey,eagle,,vulture,Han - Exp 2,67.71428571428571,,100.0,85.0,13.026960784313726
969,turkey,heron,,peacock,Han - Exp 2,52.5,,80.0,85.0,12.040441176470589
970,turkey,pelican,,parrot,Han - Exp 2,44.6,,80.0,85.0,9.810049019607842
971,turkey,sparrow,,chicken,Han - Exp 2,73.22222222222223,,100.0,85.0,13.942401960784313
972,turkey,swan,,woodpecker,Han - Exp 2,60.77777777777778,,80.0,85.0,8.931372549019608
973,van,,,bicycle,Han - Exp 2,36.9,,0.0,40.0,7.4319444444444445
974,van,,,bus,Han - Exp 2,82.75,,90.0,70.0,10.765277777777778
975,van,,,trailer,Han - Exp 2,60.57142857142857,,100.0,65.0,10.065277777777776
976,van,,,carriage,Han - Exp 2,41.2,,80.0,60.0,9.031944444444443
977,van,,,car,Han - Exp 2,75.2,,100.0,85.0,11.49861111111111
978,van,,,helicopter,Han - Exp 2,33.7,,0.0,30.0,7.331944444444444
979,van,,,rocket,Han - Exp 2,23.6,,0.0,25.0,6.7652777777777775
980,van,,,taxi,Han - Exp 2,68.8,,50.0,80.0,10.031944444444443
981,van,,,train,Han - Exp 2,42.5,,0.0,40.0,8.99861111111111
982,van,,,truck,Han - Exp 2,78.55,,100.0,70.0,12.76527777777778
983,van,boat,,trailer,Han - Exp 2,72.1,,90.0,80.0,10.79861111111111
984,van,car,,taxi,Han - Exp 2,80.3,,90.0,90.0,14.177777777777774
985,van,cart,,carriage,Han - Exp 2,68.1,,100.0,85.0,12.555555555555555
986,van,jeep,,helicopter,Han - Exp 2,28.4,,0.0,40.0,7.795833333333332
987,van,jeep,,rocket,Han - Exp 2,23.7,,10.0,30.0,7.3291666666666675
988,van,tram,,trailer,Han - Exp 2,71.4,,90.0,85.0,10.5875
989,van,tram,,truck,Han - Exp 2,70.9,,90.0,85.0,13.2875
990,van,truck,,car,Han - Exp 2,74.2,,90.0,90.0,11.81111111111111
991,van,truck,,train,Han - Exp 2,61.2,,80.0,60.0,9.544444444444444
992,vulture,,,canary,Han - Exp 2,40.0,,10.0,55.0,7.747549019607844
993,vulture,,,crow,Han - Exp 2,59.77777777777778,,50.0,65.0,10.100490196078432
994,vulture,,,heron,Han - Exp 2,56.0,,20.0,65.0,10.424019607843135
995,vulture,,,stork,Han - Exp 2,56.888888888888886,,50.0,65.0,9.071078431372548
996,vulture,,,turkey,Han - Exp 2,62.875,,50.0,65.0,8.600490196078432
997,vulture,,,woodpecker,Han - Exp 2,38.875,,50.0,55.0,9.306372549019608
998,vulture,duck,,turkey,Han - Exp 2,53.5,,80.0,85.0,12.09436274509804
999,vulture,eagle,,canary,Han - Exp 2,43.875,,10.0,70.0,7.998774509803921
1000,vulture,magpie,,woodpecker,Han - Exp 2,51.875,,80.0,85.0,12.345588235294116
1001,vulture,ostrich,,canary,Han - Exp 2,68.33333333333333,,10.0,85.0,8.136029411764707
1002,vulture,parrot,,crow,Han - Exp 2,62.77777777777778,,80.0,85.0,10.764705882352942
1003,vulture,turkey,,heron,Han - Exp 2,51.0,,50.0,70.0,11.432598039215687
1004,wolf,,,beaver,Han - Exp 2,38.96296296296296,,50.0,50.0,7.910087719298246
1005,wolf,,,dog,Han - Exp 2,83.5925925925926,,100.0,95.0,11.146929824561404
1006,wolf,,,elephant,Han - Exp 2,36.333333333333336,,0.0,50.0,7.883771929824562
1007,wolf,,,fox,Han - Exp 2,77.875,,80.0,80.0,11.331140350877194
1008,wolf,,,hedgehog,Han - Exp 2,22.125,,10.0,50.0,7.120614035087719
1009,wolf,,,llama,Han - Exp 2,25.0,,50.0,50.0,8.646929824561404
1010,wolf,,,squirrel,Han - Exp 2,20.4,,10.0,50.0,8.067982456140351
1011,wolf,beaver,,dog,Han - Exp 2,54.375,,100.0,90.0,11.67763157894737
1012,wolf,dromedary,,dog,Han - Exp 2,74.3,,100.0,90.0,11.857456140350877
1013,wolf,dromedary,,llama,Han - Exp 2,57.6,,80.0,85.0,11.462719298245611
1014,wolf,cat,,squirrel,Han - Exp 2,36.2,,50.0,60.0,9.231359649122808
1015,wolf,deer,,hedgehog,Han - Exp 2,52.375,,50.0,65.0,8.110745614035087
1016,wolf,hedgehog,,elephant,Han - Exp 2,38.66666666666666,,10.0,70.0,8.44078947368421
1017,wolf,hippopotamus,,beaver,Han - Exp 2,48.11111111111112,,70.0,70.0,8.634868421052632
1018,wolf,hippopotamus,,dog,Han - Exp 2,74.88888888888889,,100.0,90.0,11.871710526315791
1019,wolf,horse,,fox,Han - Exp 2,77.125,,90.0,85.0,12.384868421052632
1020,wolf,lion,,hedgehog,Han - Exp 2,25.375,,50.0,60.0,7.640350877192983
1021,woodpecker,,,dove,Han - Exp 2,53.53333333333333,,50.0,55.0,10.127450980392156
1022,woodpecker,,,eagle,Han - Exp 2,37.875,,20.0,70.0,9.480392156862743
1023,woodpecker,,,rooster,Han - Exp 2,51.333333333333336,,0.0,55.0,9.15686274509804
1024,woodpecker,,,sparrow,Han - Exp 2,64.18518518518519,,20.0,70.0,9.803921568627452
1025,woodpecker,,,stork,Han - Exp 2,57.66666666666666,,20.0,55.0,8.42156862745098
1026,woodpecker,,,swan,Han - Exp 2,34.2,,10.0,55.0,8.480392156862745
1027,woodpecker,canary,,swan,Han - Exp 2,48.375,,50.0,85.0,8.938725490196079
1028,woodpecker,falcon,,swan,Han - Exp 2,44.0,,50.0,70.0,9.068627450980392
1029,woodpecker,heron,,dove,Han - Exp 2,71.625,,70.0,85.0,10.977941176470589
1030,woodpecker,ostrich,,sparrow,Han - Exp 2,61.9,,80.0,85.0,10.420343137254902
1031,woodpecker,peacock,,rooster,Han - Exp 2,63.77777777777778,,80.0,85.0,11.202205882352942
1032,woodpecker,seagull,,eagle,Han - Exp 2,47.625,,80.0,85.0,10.02328431372549
1033,woodpecker,swan,,sparrow,Han - Exp 2,77.875,,70.0,85.0,10.677696078431373
1034,woodpecker,vulture,,stork,Han - Exp 2,65.11111111111111,,70.0,85.0,9.959558823529411
1035,zebra,,,beaver,Han - Exp 2,23.2,,10.0,50.0,7.754385964912279
1036,zebra,,,cat,Han - Exp 2,18.875,,10.0,55.0,7.701754385964912
1037,zebra,,,donkey,Han - Exp 2,66.25,,80.0,80.0,10.859649122807015
1038,zebra,,,giraffe,Han - Exp 2,53.5,,50.0,55.0,9.964912280701752
1039,zebra,,,hamster,Han - Exp 2,24.8,,0.0,50.0,7.701754385964913
1040,zebra,,,horse,Han - Exp 2,76.05882352941177,,80.0,90.0,12.096491228070176
1041,zebra,,,lion,Han - Exp 2,30.166666666666668,,50.0,50.0,9.307017543859647
1042,zebra,,,llama,Han - Exp 2,56.4,,50.0,55.0,9.912280701754383
1043,zebra,,,mouse,Han - Exp 2,30.22222222222222,,10.0,55.0,7.149122807017544
1044,zebra,beaver,,donkey,Han - Exp 2,58.5,,80.0,70.0,11.526315789473683
1045,zebra,beaver,,horse,Han - Exp 2,60.888888888888886,,80.0,70.0,12.763157894736842
1046,zebra,deer,,lion,Han - Exp 2,61.125,,75.0,60.0,9.702850877192985
1047,zebra,donkey,,horse,Han - Exp 2,88.0,,100.0,90.0,13.177631578947366
1048,zebra,llama,,giraffe,Han - Exp 2,69.25,,80.0,85.0,10.487938596491228
1049,zebra,mouse,,cat,Han - Exp 2,53.125,,80.0,85.0,9.145833333333332
1050,zebra,mouse,,hamster,Han - Exp 2,58.4,,80.0,85.0,12.014254385964913
1051,zebra,rhinoceros,,mouse,Han - Exp 2,34.44444444444444,,10.0,60.0,7.49671052631579
1052,zebra,sheep,,beaver,Han - Exp 2,30.6,,50.0,65.0,8.468201754385966
1053,zebra,sheep,,llama,Han - Exp 2,73.8,,80.0,85.0,10.468201754385966
1054,zeppelin,,,bicycle,Han - Exp 2,30.23529411764705,,0.0,25.0,5.891666666666667
1055,zeppelin,,,bus,Han - Exp 2,37.5,,0.0,40.0,7.225
1056,zeppelin,,,trailer,Han - Exp 2,32.9375,,0.0,40.0,7.025
1057,zeppelin,,,skateboard,Han - Exp 2,29.5,,0.0,20.0,5.591666666666667
1058,zeppelin,,,sled,Han - Exp 2,25.33333333333333,,0.0,30.0,5.758333333333333
1059,zeppelin,airplane,,bicycle,Han - Exp 2,21.428571428571427,,0.0,40.0,6.559722222222222
1060,zeppelin,airplane,,skateboard,Han - Exp 2,34.75,,0.0,40.0,6.593055555555556
1061,zeppelin,carriage,,trailer,Han - Exp 2,57.625,,80.0,65.0,10.206944444444444
1062,zeppelin,cart,,sled,Han - Exp 2,58.0,,50.0,60.0,10.883333333333333
1063,zeppelin,sled,,trailer,Han - Exp 2,53.25,,0.0,60.0,7.9736111111111105
1064,zeppelin,submarine,,trailer,Han - Exp 2,52.0,,0.0,60.0,7.487499999999999
1065,zeppelin,van,,bicycle,Han - Exp 2,53.0,,50.0,60.0,8.211111111111112
1066,zeppelin,van,,bus,Han - Exp 2,57.125,,80.0,80.0,11.544444444444444
